"Estado","Nombre del estado","DDR","Nombre del DDR","CADER","Nombre del CADER","Municipio","Nombre del municipio","Ejido","Nombre del Ejido","Productor","Nombre Productor","Superficie apoyada","Importe apoyado","Ciclo","Cultivo","Nombre del cultivo","Clave Regimen Hidrico","Regimen Hidrico","Programa",
32,"ZACATECAS",186,"TLALTENANGO",1,"TEPECHITLAN",48,"TLALTENAGO DE SANCHEZ ROMAN",0,"PROPIEDAD PRIVADA",600002371,"SANDOVAL RUBIO JAIME",2,1926,OI05,22,"AVENA",1,"RIEGO","PROCAMPO TRADICIONAL",
32,"ZACATECAS",186,"TLALTENANGO",1,"TEPECHITLAN",48,"TLALTENAGO DE SANCHEZ ROMAN",0,"PROPIEDAD PRIVADA",600002432,"GUTIERREZ MUNETON JUAN ANTONIO",3,2889,OI05,162,"ALFALFA",1,"RIEGO","PROCAMPO TRADICIONAL",
32,"ZACATECAS",186,"TLALTENANGO",1,"TEPECHITLAN",48,"TLALTENAGO DE SANCHEZ ROMAN",0,"PROPIEDAD PRIVADA",600002696,"GARCIA  SABAS",1.83,1762.29,OI05,8,"CEBADA",1,"RIEGO","PROCAMPO TRADICIONAL",
32,"ZACATECAS",186,"TLALTENANGO",1,"TEPECHITLAN",48,"TLALTENAGO DE SANCHEZ ROMAN",0,"PROPIEDAD PRIVADA",600002867,"CORVERA MARQUEZ GLORIA",.96,924.48,OI05,22,"AVENA",1,"RIEGO","PROCAMPO TRADICIONAL",
32,"ZACATECAS",186,"TLALTENANGO",1,"TEPECHITLAN",48,"TLALTENAGO DE SANCHEZ ROMAN",0,"PROPIEDAD PRIVADA",600002896,"CORVERA MARQUEZ ARTURO",2.74,2638.62,OI05,116,"PASTOS ANUALES",1,"RIEGO","PROCAMPO TRADICIONAL",
32,"ZACATECAS",186,"TLALTENANGO",1,"TEPECHITLAN",48,"TLALTENAGO DE SANCHEZ ROMAN",0,"PROPIEDAD PRIVADA",600002948,"MAYORGA FLORES FRANCISCO",7.48,7203.24,OI05,22,"AVENA",1,"RIEGO","PROCAMPO TRADICIONAL",
32,"ZACATECAS",186,"TLALTENANGO",1,"TEPECHITLAN",48,"TLALTENAGO DE SANCHEZ ROMAN",0,"PROPIEDAD PRIVADA",600002950,"GONZALEZ LOERA JOSE FLAVIO",1.25,1203.75,OI05,22,"AVENA",1,"RIEGO","PROCAMPO TRADICIONAL",
32,"ZACATECAS",186,"TLALTENANGO",1,"TEPECHITLAN",48,"TLALTENAGO DE SANCHEZ ROMAN",0,"PROPIEDAD PRIVADA",600003025,"BERUMEN CORREA RUBEN",3.04,2927.52,OI05,22,"AVENA",1,"RIEGO","PROCAMPO TRADICIONAL",
32,"ZACATECAS",186,"TLALTENANGO",1,"TEPECHITLAN",48,"TLALTENAGO DE SANCHEZ ROMAN",0,"PROPIEDAD PRIVADA",600003066,"GONZALEZ CORNEJO MARIA MAGDALENA",1,963,OI05,22,"AVENA",1,"RIEGO","PROCAMPO TRADICIONAL",
32,"ZACATECAS",186,"TLALTENANGO",1,"TEPECHITLAN",48,"TLALTENAGO DE SANCHEZ ROMAN",0,"PROPIEDAD PRIVADA",600003173,"CARRILLO ALCALA SALVADOR",7.5,7222.5,OI05,117,"PASTOS PERENES",1,"RIEGO","PROCAMPO TRADICIONAL",
32,"ZACATECAS",186,"TLALTENANGO",1,"TEPECHITLAN",48,"TLALTENAGO DE SANCHEZ ROMAN",0,"PROPIEDAD PRIVADA",600003213,"LUNA CASTANEDA ANTONIO",.5,481.5,OI05,8,"CEBADA",1,"RIEGO","PROCAMPO TRADICIONAL",
32,"ZACATECAS",186,"TLALTENANGO",1,"TEPECHITLAN",48,"TLALTENAGO DE SANCHEZ ROMAN",0,"PROPIEDAD PRIVADA",600003225,"ACUNA ARENAS ANTONIO",8.88,8551.44,OI05,8,"CEBADA",1,"RIEGO","PROCAMPO TRADICIONAL",
32,"ZACATECAS",186,"TLALTENANGO",1,"TEPECHITLAN",48,"TLALTENAGO DE SANCHEZ ROMAN",0,"PROPIEDAD PRIVADA",600003354,"RIVERA CORVERA AMADOR",3,2889,OI05,22,"AVENA",1,"RIEGO","PROCAMPO TRADICIONAL",
32,"ZACATECAS",186,"TLALTENANGO",1,"TEPECHITLAN",48,"TLALTENAGO DE SANCHEZ ROMAN",0,"PROPIEDAD PRIVADA",600022800,"GAETA GONZALEZ ARTURO",3,2889,OI05,116,"PASTOS ANUALES",1,"RIEGO","PROCAMPO TRADICIONAL",
32,"ZACATECAS",186,"TLALTENANGO",1,"TEPECHITLAN",48,"TLALTENAGO DE SANCHEZ ROMAN",0,"PROPIEDAD PRIVADA",600133460,"BUGARIN ARTEAGA GABRIEL",2.5,2407.5,OI05,22,"AVENA",1,"RIEGO","PROCAMPO TRADICIONAL",
32,"ZACATECAS",186,"TLALTENANGO",1,"TEPECHITLAN",48,"TLALTENAGO DE SANCHEZ ROMAN",0,"PROPIEDAD PRIVADA",600137948,"SERRANO HARO PEDRO",3.6,3466.8,OI05,8,"CEBADA",1,"RIEGO","PROCAMPO TRADICIONAL",
32,"ZACATECAS",186,"TLALTENANGO",1,"TEPECHITLAN",48,"TLALTENAGO DE SANCHEZ ROMAN",0,"PROPIEDAD PRIVADA",600342812,"TREJO GARCIA ARMANDO",3.44,3312.72,OI05,8,"CEBADA",1,"RIEGO","PROCAMPO TRADICIONAL",
32,"ZACATECAS",186,"TLALTENANGO",1,"TEPECHITLAN",48,"TLALTENAGO DE SANCHEZ ROMAN",0,"PROPIEDAD PRIVADA",600342848,"SANDOVAL CASTANEDA MOISES",1.07,1030.41,OI05,8,"CEBADA",1,"RIEGO","PROCAMPO TRADICIONAL",
32,"ZACATECAS",186,"TLALTENANGO",1,"TEPECHITLAN",48,"TLALTENAGO DE SANCHEZ ROMAN",0,"PROPIEDAD PRIVADA",600787791,"BUGARIN OROZCO ARTURO",2.8,2696.4,OI05,22,"AVENA",1,"RIEGO","PROCAMPO TRADICIONAL",
32,"ZACATECAS",186,"TLALTENANGO",1,"TEPECHITLAN",48,"TLALTENAGO DE SANCHEZ ROMAN",0,"PROPIEDAD PRIVADA",600788687,"MEZA HERMOSO JUAN PEDRO",5.5,5296.5,OI05,22,"AVENA",1,"RIEGO","PROCAMPO TRADICIONAL",
32,"ZACATECAS",186,"TLALTENANGO",1,"TEPECHITLAN",48,"TLALTENAGO DE SANCHEZ ROMAN",0,"PROPIEDAD PRIVADA",600813389,"CORVERA MARQUEZ IMELDA",1.16,1117.08,OI05,22,"AVENA",1,"RIEGO","PROCAMPO TRADICIONAL",
32,"ZACATECAS",186,"TLALTENANGO",1,"TEPECHITLAN",48,"TLALTENAGO DE SANCHEZ ROMAN",0,"PROPIEDAD PRIVADA",601098995,"CAMPOS HARO EVELIO",6.82,6567.66,OI05,22,"AVENA",1,"RIEGO","PROCAMPO TRADICIONAL",
32,"ZACATECAS",186,"TLALTENANGO",1,"TEPECHITLAN",48,"TLALTENAGO DE SANCHEZ ROMAN",0,"PROPIEDAD PRIVADA",601503414,"BERUMEN JIMENEZ ALFONSO",5.9,5681.7,OI05,22,"AVENA",1,"RIEGO","PROCAMPO TRADICIONAL",
32,"ZACATECAS",186,"TLALTENANGO",1,"TEPECHITLAN",48,"TLALTENAGO DE SANCHEZ ROMAN",0,"PROPIEDAD PRIVADA",604199644,"BUGARIN LOPEZ SOCORRO",5.7,5489.1,OI05,8,"CEBADA",1,"RIEGO","PROCAMPO TRADICIONAL",
32,"ZACATECAS",184,"RIO GRANDE",2,"SOMBRERETE",9,"CHALCHIHUITES",5170,"GUALTERIO",600003298,"ALANIZ NAJERA LEONARDO",1.25,1203.75,OI05,162,"ALFALFA",1,"RIEGO","PROCAMPO TRADICIONAL",
32,"ZACATECAS",184,"RIO GRANDE",2,"SOMBRERETE",9,"CHALCHIHUITES",5170,"GUALTERIO",600043800,"ESQUIVEL LIZARDO MIGUEL",3.25,3129.75,OI05,22,"AVENA",1,"RIEGO","PROCAMPO TRADICIONAL",
32,"ZACATECAS",184,"RIO GRANDE",2,"SOMBRERETE",9,"CHALCHIHUITES",5170,"GUALTERIO",600044076,"ALANIZ NAJERA RAYMUNDO",4.47,4304.61,OI05,162,"ALFALFA",1,"RIEGO","PROCAMPO TRADICIONAL",
32,"ZACATECAS",184,"RIO GRANDE",2,"SOMBRERETE",9,"CHALCHIHUITES",5170,"GUALTERIO",600058124,"MIER SAENZ SALVADOR",3.16,3043.08,OI05,22,"AVENA",1,"RIEGO","PROCAMPO TRADICIONAL",
32,"ZACATECAS",184,"RIO GRANDE",2,"SOMBRERETE",9,"CHALCHIHUITES",5170,"GUALTERIO",605554568,"DELGADO LERMA VICTOR MANUEL",4,3852,OI05,162,"ALFALFA",1,"RIEGO","PROCAMPO TRADICIONAL",
32,"ZACATECAS",190,"JALPA",2,"JUCHIPILA",33,"MOYAHUA DE ESTRADA",0,"PROPIEDAD PRIVADA",3371890,"LOPEZ CASTANEDA JUAN",.5,481.5,OI05,223,"NOPAL (TUNA)",1,"RIEGO","PROCAMPO TRADICIONAL",
32,"ZACATECAS",190,"JALPA",2,"JUCHIPILA",33,"MOYAHUA DE ESTRADA",0,"PROPIEDAD PRIVADA",3440326,"ESTRADA ESPARZA CARLOS ENRIQUE",2.3,2214.9,OI05,1,"MAIZ",1,"RIEGO","PROCAMPO TRADICIONAL",
32,"ZACATECAS",190,"JALPA",2,"JUCHIPILA",33,"MOYAHUA DE ESTRADA",0,"PROPIEDAD PRIVADA",3440413,"MARTINEZ LIMON MARGARITO",2.6,2503.8,OI05,22,"AVENA",1,"RIEGO","PROCAMPO TRADICIONAL",
32,"ZACATECAS",190,"JALPA",2,"JUCHIPILA",33,"MOYAHUA DE ESTRADA",0,"PROPIEDAD PRIVADA",3440715,"ESPARZA FERNANDEZ ISAIAS",.95,914.85,OI05,22,"AVENA",1,"RIEGO","PROCAMPO TRADICIONAL",
32,"ZACATECAS",190,"JALPA",2,"JUCHIPILA",33,"MOYAHUA DE ESTRADA",0,"PROPIEDAD PRIVADA",600001766,"GUTIERREZ ESPINOZA J SANTOS",.75,722.25,OI05,1,"MAIZ",1,"RIEGO","PROCAMPO TRADICIONAL",
32,"ZACATECAS",190,"JALPA",2,"JUCHIPILA",33,"MOYAHUA DE ESTRADA",0,"PROPIEDAD PRIVADA",600002345,"ARZATE LOPEZ FELIPE",.61,587.43,OI05,117,"PASTOS PERENES",1,"RIEGO","PROCAMPO TRADICIONAL",
32,"ZACATECAS",190,"JALPA",2,"JUCHIPILA",33,"MOYAHUA DE ESTRADA",0,"PROPIEDAD PRIVADA",600002534,"ESTRADA GONZALEZ PABLO",2,1926,OI05,117,"PASTOS PERENES",1,"RIEGO","PROCAMPO TRADICIONAL",
32,"ZACATECAS",190,"JALPA",2,"JUCHIPILA",33,"MOYAHUA DE ESTRADA",0,"PROPIEDAD PRIVADA",600039826,"REYNOSO AGUILA FRANCISCO",.5,481.5,OI05,1,"MAIZ",1,"RIEGO","PROCAMPO TRADICIONAL",
32,"ZACATECAS",190,"JALPA",2,"JUCHIPILA",33,"MOYAHUA DE ESTRADA",0,"PROPIEDAD PRIVADA",601503121,"ESPARZA ESPARZA AGUSTIN",.44,423.72,OI05,42,"CEBOLLA (CEBOLLIN)",1,"RIEGO","PROCAMPO TRADICIONAL",
32,"ZACATECAS",190,"JALPA",2,"JUCHIPILA",33,"MOYAHUA DE ESTRADA",0,"PROPIEDAD PRIVADA",601544123,"ESQUIVEZ GARCIA ALFREDO",4.46,4294.98,OI05,22,"AVENA",1,"RIEGO","PROCAMPO TRADICIONAL",
32,"ZACATECAS",190,"JALPA",2,"JUCHIPILA",33,"MOYAHUA DE ESTRADA",0,"PROPIEDAD PRIVADA",601996436,"HARO HERNANDEZ SANTIAGO",2,1926,OI05,162,"ALFALFA",1,"RIEGO","PROCAMPO TRADICIONAL",
32,"ZACATECAS",190,"JALPA",2,"JUCHIPILA",33,"MOYAHUA DE ESTRADA",0,"PROPIEDAD PRIVADA",604139025,"MENDEZ REYNOSO MARIA",1.5,1444.5,OI05,22,"AVENA",1,"RIEGO","PROCAMPO TRADICIONAL",
32,"ZACATECAS",190,"JALPA",2,"JUCHIPILA",33,"MOYAHUA DE ESTRADA",0,"PROPIEDAD PRIVADA",604199925,"SORIA RIOS AURORA",1.25,1203.75,OI05,8,"CEBADA",1,"RIEGO","PROCAMPO TRADICIONAL",
32,"ZACATECAS",190,"JALPA",2,"JUCHIPILA",33,"MOYAHUA DE ESTRADA",0,"PROPIEDAD PRIVADA",604249424,"LEDEZMA PLASCENCIA J GUADALUPE",3,2889,OI05,117,"PASTOS PERENES",1,"RIEGO","PROCAMPO TRADICIONAL",
32,"ZACATECAS",190,"JALPA",4,"JALPA",1,"APOZOL",4,"SAN MIGUEL ATOTONILCO",3405186,"ROBLES ROMERO EULALIO",3.5,3370.5,OI05,117,"PASTOS PERENES",1,"RIEGO","PROCAMPO TRADICIONAL",
32,"ZACATECAS",190,"JALPA",4,"JALPA",1,"APOZOL",4,"SAN MIGUEL ATOTONILCO",600001703,"ROBLES PEREZ REMIGIO",2,1926,OI05,196,"GUAYABA",1,"RIEGO","PROCAMPO TRADICIONAL",
32,"ZACATECAS",190,"JALPA",4,"JALPA",1,"APOZOL",4,"SAN MIGUEL ATOTONILCO",600001933,"ROBLES ROMERO J REYES",1.5,1444.5,OI05,196,"GUAYABA",1,"RIEGO","PROCAMPO TRADICIONAL",
32,"ZACATECAS",190,"JALPA",2,"JUCHIPILA",23,"JUCHIPILA",0,"PROPIEDAD PRIVADA",3371838,"ENRIQUEZ LUNA J SANTOS",1,963,OI05,1,"MAIZ",1,"RIEGO","PROCAMPO TRADICIONAL",
32,"ZACATECAS",190,"JALPA",2,"JUCHIPILA",23,"JUCHIPILA",0,"PROPIEDAD PRIVADA",3405661,"BECERRA ENRIQUEZ ANTONIO",.2,192.6,OI05,244,"TE LIMON",1,"RIEGO","PROCAMPO TRADICIONAL",
32,"ZACATECAS",190,"JALPA",2,"JUCHIPILA",23,"JUCHIPILA",0,"PROPIEDAD PRIVADA",3405662,"SERRANO SANDOVAL MANUEL",2,1926,OI05,22,"AVENA",1,"RIEGO","PROCAMPO TRADICIONAL",
32,"ZACATECAS",190,"JALPA",2,"JUCHIPILA",23,"JUCHIPILA",0,"PROPIEDAD PRIVADA",3456694,"ORTIZ MOTA ENRIQUE",2.5,2407.5,OI05,22,"AVENA",1,"RIEGO","PROCAMPO TRADICIONAL",
32,"ZACATECAS",190,"JALPA",2,"JUCHIPILA",23,"JUCHIPILA",0,"PROPIEDAD PRIVADA",3462322,"ESPARZA PEREZ ROSENDO",1.25,1203.75,OI05,998,"OTROS ANUALES",1,"RIEGO","PROCAMPO TRADICIONAL",
32,"ZACATECAS",190,"JALPA",2,"JUCHIPILA",23,"JUCHIPILA",0,"PROPIEDAD PRIVADA",600107332,"SALAZAR VELIS JOSE",.34,327.42,OI05,22,"AVENA",1,"RIEGO","PROCAMPO TRADICIONAL",
32,"ZACATECAS",190,"JALPA",2,"JUCHIPILA",23,"JUCHIPILA",0,"PROPIEDAD PRIVADA",600341606,"ROJAS MEJIA ERNESTO",4,3852,OI05,117,"PASTOS PERENES",1,"RIEGO","PROCAMPO TRADICIONAL",
32,"ZACATECAS",190,"JALPA",2,"JUCHIPILA",23,"JUCHIPILA",0,"PROPIEDAD PRIVADA",601152813,"SALAZAR VELEZ AGUSTIN",.65,625.95,OI05,1,"MAIZ",1,"RIEGO","PROCAMPO TRADICIONAL",
32,"ZACATECAS",190,"JALPA",2,"JUCHIPILA",23,"JUCHIPILA",0,"PROPIEDAD PRIVADA",601153157,"HARO HARO HECTOR MIGUEL",1.5,1444.5,OI05,22,"AVENA",1,"RIEGO","PROCAMPO TRADICIONAL",
32,"ZACATECAS",190,"JALPA",2,"JUCHIPILA",23,"JUCHIPILA",0,"PROPIEDAD PRIVADA",601639578,"RODRIGUEZ PONCE SIXTO",.5,481.5,OI05,1,"MAIZ",1,"RIEGO","PROCAMPO TRADICIONAL",
32,"ZACATECAS",190,"JALPA",2,"JUCHIPILA",23,"JUCHIPILA",0,"PROPIEDAD PRIVADA",601996424,"ESPARZA FLORES J. JESUS",2,1926,OI05,22,"AVENA",1,"RIEGO","PROCAMPO TRADICIONAL",
32,"ZACATECAS",190,"JALPA",2,"JUCHIPILA",23,"JUCHIPILA",0,"PROPIEDAD PRIVADA",602003373,"GUZMAN GUTIERREZ SINFOROSO",1.45,1396.35,OI05,998,"OTROS ANUALES",1,"RIEGO","PROCAMPO TRADICIONAL",
32,"ZACATECAS",190,"JALPA",2,"JUCHIPILA",23,"JUCHIPILA",0,"PROPIEDAD PRIVADA",604139342,"AGUILA VAZQUEZ J CARMEN",1.5,1444.5,OI05,22,"AVENA",1,"RIEGO","PROCAMPO TRADICIONAL",
32,"ZACATECAS",190,"JALPA",2,"JUCHIPILA",23,"JUCHIPILA",0,"PROPIEDAD PRIVADA",606717917,"MENA LUNA VICTORIANO",1.1,1059.3,OI05,998,"OTROS ANUALES",1,"RIEGO","PROCAMPO TRADICIONAL",
32,"ZACATECAS",190,"JALPA",4,"JALPA",19,"JALPA",0,"PROPIEDAD PRIVADA",600002174,"SANDOVAL CONTRERAS CESAR AUGUSTO",7,6741,OI05,162,"ALFALFA",1,"RIEGO","PROCAMPO TRADICIONAL",
32,"ZACATECAS",190,"JALPA",4,"JALPA",19,"JALPA",0,"PROPIEDAD PRIVADA",601792447,"DURAN ALVAREZ J GUADALUPE",6,5778,OI05,147,"TOMATE",1,"RIEGO","PROCAMPO TRADICIONAL",
32,"ZACATECAS",190,"JALPA",4,"JALPA",19,"JALPA",221,"RODEO (LOS RAMIREZ), EL",600002822,"VILLARREAL CAZARES VICENTE",1,963,OI05,196,"GUAYABA",1,"RIEGO","PROCAMPO TRADICIONAL",
32,"ZACATECAS",184,"RIO GRANDE",1,"MIGUEL AUZA",14,"FRANCISCO MURGUIA",5015,"NIEVES",600003227,"LIRA DE LA ROSA RAFAEL",14,13482,OI05,22,"AVENA",1,"RIEGO","PROCAMPO TRADICIONAL",
32,"ZACATECAS",184,"RIO GRANDE",1,"MIGUEL AUZA",29,"MIGUEL AUZA",375,"MANANTIAL DE LA HONDA",600003318,"LOPEZ SAUCEDO EFRAIN",11.7,11267.1,OI05,22,"AVENA",1,"RIEGO","PROCAMPO TRADICIONAL",
32,"ZACATECAS",186,"TLALTENANGO",1,"TEPECHITLAN",30,"MOMAX",0,"PROPIEDAD PRIVADA",3365375,"CARDENAS MURILLO J  ISABEL",8.5,8185.5,OI05,8,"CEBADA",1,"RIEGO","PROCAMPO TRADICIONAL",
32,"ZACATECAS",186,"TLALTENANGO",1,"TEPECHITLAN",30,"MOMAX",0,"PROPIEDAD PRIVADA",600002327,"CARDENAS MURILLO J ISABEL",6,5778,OI05,8,"CEBADA",1,"RIEGO","PROCAMPO TRADICIONAL",
32,"ZACATECAS",186,"TLALTENANGO",1,"TEPECHITLAN",30,"MOMAX",0,"PROPIEDAD PRIVADA",603397896,"CAMPOS ROBLES BENJAMIN",6.6,6355.8,OI05,8,"CEBADA",1,"RIEGO","PROCAMPO TRADICIONAL",
32,"ZACATECAS",186,"TLALTENANGO",1,"TEPECHITLAN",30,"MOMAX",0,"PROPIEDAD PRIVADA",603422799,"CAMPOS ROBLES BENJAMIN",2.4,2311.2,OI05,22,"AVENA",1,"RIEGO","PROCAMPO TRADICIONAL",
32,"ZACATECAS",186,"TLALTENANGO",1,"TEPECHITLAN",30,"MOMAX",0,"PROPIEDAD PRIVADA",606165489,"PEREZ TRINIDAD MARTIN",1.5,1444.5,OI05,8,"CEBADA",1,"RIEGO","PROCAMPO TRADICIONAL",
32,"ZACATECAS",186,"TLALTENANGO",1,"TEPECHITLAN",30,"MOMAX",0,"PROPIEDAD PRIVADA",606734270,"ALVAREZ CAMPOS JOSE DE JESUS",3,2889,OI05,8,"CEBADA",1,"RIEGO","PROCAMPO TRADICIONAL",
32,"ZACATECAS",186,"TLALTENANGO",1,"TEPECHITLAN",45,"TEPECHITLAN",0,"PROPIEDAD PRIVADA",600002379,"CORREA SALCEDO JOSE DOLORES",15,14445,OI05,116,"PASTOS ANUALES",1,"RIEGO","PROCAMPO TRADICIONAL",
32,"ZACATECAS",186,"TLALTENANGO",1,"TEPECHITLAN",45,"TEPECHITLAN",0,"PROPIEDAD PRIVADA",600002738,"ARTEAGA RIOS MARGARITO",2.5,2407.5,OI05,22,"AVENA",1,"RIEGO","PROCAMPO TRADICIONAL",
32,"ZACATECAS",186,"TLALTENANGO",1,"TEPECHITLAN",45,"TEPECHITLAN",0,"PROPIEDAD PRIVADA",3393409,"LUNA RENTERIA JOSE MANUEL",4.5,4333.5,OI05,,"",1,"RIEGO","CAPITALIZA",
32,"ZACATECAS",186,"TLALTENANGO",1,"TEPECHITLAN",48,"TLALTENAGO DE SANCHEZ ROMAN",0,"PROPIEDAD PRIVADA",605564428,"CORREA HARO CARLOS",2.41,2320.83,OI05,8,"CEBADA",1,"RIEGO","PROCAMPO TRADICIONAL",
32,"ZACATECAS",186,"TLALTENANGO",1,"TEPECHITLAN",48,"TLALTENAGO DE SANCHEZ ROMAN",0,"PROPIEDAD PRIVADA",605564448,"CORREA HARO CARLOS",.67,645.21,OI05,8,"CEBADA",1,"RIEGO","PROCAMPO TRADICIONAL",
32,"ZACATECAS",186,"TLALTENANGO",1,"TEPECHITLAN",48,"TLALTENAGO DE SANCHEZ ROMAN",0,"PROPIEDAD PRIVADA",606693372,"ALVARES COVARRUBIAS J SANTOS",2.5,2407.5,OI05,116,"PASTOS ANUALES",1,"RIEGO","PROCAMPO TRADICIONAL",
32,"ZACATECAS",186,"TLALTENANGO",1,"TEPECHITLAN",48,"TLALTENAGO DE SANCHEZ ROMAN",0,"PROPIEDAD PRIVADA",606717913,"LUNA TALAMENTES IMELDA",.52,500.76,OI05,117,"PASTOS PERENES",1,"RIEGO","PROCAMPO TRADICIONAL",
32,"ZACATECAS",190,"JALPA",3,"TABASCO",18,"HUANUSCO",214,"HUANUSCO",3439087,"RUIZ ROBLES JOSE",3,2889,OI05,147,"TOMATE",1,"RIEGO","PROCAMPO TRADICIONAL",
32,"ZACATECAS",190,"JALPA",3,"TABASCO",18,"HUANUSCO",214,"HUANUSCO",3439113,"BARAJAS MEDINA JORGE",4,3852,OI05,22,"AVENA",1,"RIEGO","PROCAMPO TRADICIONAL",
32,"ZACATECAS",190,"JALPA",3,"TABASCO",18,"HUANUSCO",214,"HUANUSCO",603392087,"SANDOVAL DURAN ARTURO",2.5,2407.5,OI05,147,"TOMATE",1,"RIEGO","PROCAMPO TRADICIONAL",
32,"ZACATECAS",190,"JALPA",3,"TABASCO",18,"HUANUSCO",214,"HUANUSCO",603477375,"CONSECION VALENZUELA ANTONIO",3,2889,OI05,22,"AVENA",1,"RIEGO","PROCAMPO TRADICIONAL",
32,"ZACATECAS",190,"JALPA",3,"TABASCO",18,"HUANUSCO",214,"HUANUSCO",604249421,"MEDINA MUNOZ ENRIQUE",4.5,4333.5,OI05,481,"AGAVE MEZCALERO",1,"RIEGO","PROCAMPO TRADICIONAL",
32,"ZACATECAS",190,"JALPA",3,"TABASCO",18,"HUANUSCO",214,"HUANUSCO",606313504,"SANDOVAL DURAN RAMON",4,3852,OI05,160,"AGAVE",1,"RIEGO","PROCAMPO TRADICIONAL",
32,"ZACATECAS",190,"JALPA",4,"JALPA",1,"APOZOL",0,"PROPIEDAD PRIVADA",3441990,"DIAZ VALDEZ SALVADOR",3,2889,OI05,22,"AVENA",1,"RIEGO","PROCAMPO TRADICIONAL",
32,"ZACATECAS",190,"JALPA",4,"JALPA",1,"APOZOL",0,"PROPIEDAD PRIVADA",600025676,"MERCADO LOPEZ J JESUS",1,963,OI05,196,"GUAYABA",1,"RIEGO","PROCAMPO TRADICIONAL",
32,"ZACATECAS",190,"JALPA",4,"JALPA",1,"APOZOL",0,"PROPIEDAD PRIVADA",601639809,"RODRIGUEZ ROBLES MARIA ENGRACIA",1,963,OI05,196,"GUAYABA",1,"RIEGO","PROCAMPO TRADICIONAL",
32,"ZACATECAS",190,"JALPA",4,"JALPA",1,"APOZOL",0,"PROPIEDAD PRIVADA",601673033,"VALENZUELA QUEZADA J REFUGIO",3.5,3370.5,OI05,223,"NOPAL (TUNA)",1,"RIEGO","PROCAMPO TRADICIONAL",
32,"ZACATECAS",190,"JALPA",4,"JALPA",1,"APOZOL",0,"PROPIEDAD PRIVADA",601673034,"VALENZUELA QUEZADA J REFUGIO",1,963,OI05,223,"NOPAL (TUNA)",1,"RIEGO","PROCAMPO TRADICIONAL",
32,"ZACATECAS",190,"JALPA",4,"JALPA",1,"APOZOL",0,"PROPIEDAD PRIVADA",606313588,"BOLANOS RODRIGUEZ MARIBEL",3.4,3274.2,OI05,196,"GUAYABA",1,"RIEGO","PROCAMPO TRADICIONAL",
32,"ZACATECAS",184,"RIO GRANDE",1,"MIGUEL AUZA",22,"JUAN ALDAMA",270,"JUAN ALDAMA",605781871,"ALBA ROMERO GLAFIRA",4.93,4747.59,OI05,22,"AVENA",1,"RIEGO","PROCAMPO TRADICIONAL",
32,"ZACATECAS",184,"RIO GRANDE",1,"MIGUEL AUZA",22,"JUAN ALDAMA",2701,"JUAN ALDAMA ANEXO 1",602634411,"PEREZ ANGUIANO DAGOBERTO",5,4815,OI05,22,"AVENA",1,"RIEGO","PROCAMPO TRADICIONAL",
32,"ZACATECAS",190,"JALPA",3,"TABASCO",44,"TABASCO",586,"SANTIAGO (EL CHIQUE)",600001823,"ZORRILLA ALMARAZ EFREN",1.5,1444.5,OI05,196,"GUAYABA",1,"RIEGO","PROCAMPO TRADICIONAL",
32,"ZACATECAS",190,"JALPA",3,"TABASCO",44,"TABASCO",586,"SANTIAGO (EL CHIQUE)",600002403,"ZORRILLA OLVERA DIMAS",.3,288.9,OI05,147,"TOMATE",1,"RIEGO","PROCAMPO TRADICIONAL",
32,"ZACATECAS",190,"JALPA",3,"TABASCO",44,"TABASCO",586,"SANTIAGO (EL CHIQUE)",600002446,"MUNOZ FLORES LIBORIO",.35,337.05,OI05,117,"PASTOS PERENES",1,"RIEGO","PROCAMPO TRADICIONAL",
32,"ZACATECAS",190,"JALPA",3,"TABASCO",44,"TABASCO",586,"SANTIAGO (EL CHIQUE)",600002571,"AVILA SALDANA FLAVIO",.7,674.1,OI05,147,"TOMATE",1,"RIEGO","PROCAMPO TRADICIONAL",
32,"ZACATECAS",190,"JALPA",3,"TABASCO",44,"TABASCO",586,"SANTIAGO (EL CHIQUE)",600002603,"ROMO LOERA ADOLFO",1,963,OI05,196,"GUAYABA",1,"RIEGO","PROCAMPO TRADICIONAL",
32,"ZACATECAS",190,"JALPA",3,"TABASCO",44,"TABASCO",586,"SANTIAGO (EL CHIQUE)",600002644,"FLORES VERA FROYLAN",2,1926,OI05,147,"TOMATE",1,"RIEGO","PROCAMPO TRADICIONAL",
32,"ZACATECAS",190,"JALPA",3,"TABASCO",44,"TABASCO",586,"SANTIAGO (EL CHIQUE)",600871917,"LARA VILLA JOAQUIN",1.2,1155.6,OI05,196,"GUAYABA",1,"RIEGO","PROCAMPO TRADICIONAL",
32,"ZACATECAS",190,"JALPA",3,"TABASCO",44,"TABASCO",586,"SANTIAGO (EL CHIQUE)",605561508,"CARRILLO PRECIADO GILBERTO",1,963,OI05,147,"TOMATE",1,"RIEGO","PROCAMPO TRADICIONAL",
32,"ZACATECAS",190,"JALPA",3,"TABASCO",44,"TABASCO",586,"SANTIAGO (EL CHIQUE)",605930387,"MUNOZ GONZALEZ LUIS NOE",3.45,3322.35,OI05,196,"GUAYABA",1,"RIEGO","PROCAMPO TRADICIONAL",
32,"ZACATECAS",190,"JALPA",3,"TABASCO",44,"TABASCO",586,"SANTIAGO (EL CHIQUE)",606028587,"RENTERIA ORTEGA ANACELIA",.5,481.5,OI05,196,"GUAYABA",1,"RIEGO","PROCAMPO TRADICIONAL",
32,"ZACATECAS",183,"FRESNILLO",2,"FRESNILLO",10,"FRESNILLO",102,"SAN JOSE DE LOURDES",3413203,"ROMO HERNANDEZ JOSE LUIS",4,3852,OI05,22,"AVENA",1,"RIEGO","PROCAMPO TRADICIONAL",
32,"ZACATECAS",188,"CONCEPCION DEL ORO",1,"MAZAPIL",7,"CONCEPCION DEL ORO",27,"GUADALUPE GARZARON",3434119,"DELGADILLO LINARES EVELIO",1,963,OI05,162,"ALFALFA",1,"RIEGO","PROCAMPO TRADICIONAL",
32,"ZACATECAS",188,"CONCEPCION DEL ORO",1,"MAZAPIL",26,"MAZAPIL",329,"JOSE MA. MORELOS",606315235,"LOPEZ MARTINEZ ERNESTO",5,4815,OI05,1,"MAIZ",2,"TEMPORAL","PROCAMPO TRADICIONAL",
32,"ZACATECAS",190,"JALPA",2,"JUCHIPILA",28,"MEZQUITAL DEL ORO",372,"MEZQUITAL DEL ORO",3371972,"ESQUIVEL JIMENEZ JOSE INOCENCIO",1,963,OI05,171,"CANA DE AZUCAR",1,"RIEGO","PROCAMPO TRADICIONAL",
32,"ZACATECAS",190,"JALPA",2,"JUCHIPILA",28,"MEZQUITAL DEL ORO",372,"MEZQUITAL DEL ORO",3371977,"INIGUEZ REYNOSO J JESUS",1.29,1242.27,OI05,1,"MAIZ",1,"RIEGO","PROCAMPO TRADICIONAL",
32,"ZACATECAS",190,"JALPA",2,"JUCHIPILA",28,"MEZQUITAL DEL ORO",372,"MEZQUITAL DEL ORO",3440444,"REYNOSO SEPULVEDA ANTONIO",.5,481.5,OI05,1,"MAIZ",1,"RIEGO","PROCAMPO TRADICIONAL",
32,"ZACATECAS",190,"JALPA",2,"JUCHIPILA",28,"MEZQUITAL DEL ORO",372,"MEZQUITAL DEL ORO",3440777,"BOLANOS FIGUEROA MA SANTOS",.5,481.5,OI05,1,"MAIZ",1,"RIEGO","PROCAMPO TRADICIONAL",
32,"ZACATECAS",190,"JALPA",2,"JUCHIPILA",28,"MEZQUITAL DEL ORO",372,"MEZQUITAL DEL ORO",601679034,"SOTO REYNOSO ROMAN",.41,394.83,OI05,1,"MAIZ",1,"RIEGO","PROCAMPO TRADICIONAL",
32,"ZACATECAS",190,"JALPA",2,"JUCHIPILA",28,"MEZQUITAL DEL ORO",372,"MEZQUITAL DEL ORO",605839689,"ORTEGA RODRIGUEZ SANTIAGO",.7,674.1,OI05,1,"MAIZ",1,"RIEGO","PROCAMPO TRADICIONAL",
32,"ZACATECAS",186,"TLALTENANGO",1,"TEPECHITLAN",45,"TEPECHITLAN",0,"PROPIEDAD PRIVADA",600002970,"DAVILA MAGALLANES FRANCISCO",5,4815,OI05,22,"AVENA",1,"RIEGO","PROCAMPO TRADICIONAL",
32,"ZACATECAS",186,"TLALTENANGO",1,"TEPECHITLAN",45,"TEPECHITLAN",0,"PROPIEDAD PRIVADA",600003104,"CARLOS YANEZ AURELIANO",1.25,1203.75,OI05,22,"AVENA",1,"RIEGO","PROCAMPO TRADICIONAL",
32,"ZACATECAS",186,"TLALTENANGO",1,"TEPECHITLAN",45,"TEPECHITLAN",0,"PROPIEDAD PRIVADA",600003193,"AYALA ESPINOZA MARIA ANGELICA",7,6741,OI05,22,"AVENA",1,"RIEGO","PROCAMPO TRADICIONAL",
32,"ZACATECAS",186,"TLALTENANGO",1,"TEPECHITLAN",45,"TEPECHITLAN",0,"PROPIEDAD PRIVADA",600342328,"TORRES NAVA RAMIRO",1,963,OI05,22,"AVENA",1,"RIEGO","PROCAMPO TRADICIONAL",
32,"ZACATECAS",186,"TLALTENANGO",1,"TEPECHITLAN",45,"TEPECHITLAN",0,"PROPIEDAD PRIVADA",600772141,"TOVAR ARCEO AURORA",1.5,1444.5,OI05,116,"PASTOS ANUALES",1,"RIEGO","PROCAMPO TRADICIONAL",
32,"ZACATECAS",186,"TLALTENANGO",1,"TEPECHITLAN",45,"TEPECHITLAN",0,"PROPIEDAD PRIVADA",600813461,"ARTEAGA ESCOBEDO ELPIDIO",1.82,1752.66,OI05,8,"CEBADA",1,"RIEGO","PROCAMPO TRADICIONAL",
32,"ZACATECAS",186,"TLALTENANGO",1,"TEPECHITLAN",45,"TEPECHITLAN",0,"PROPIEDAD PRIVADA",601095899,"HERNANDEZ BERUMEN MANUEL",5.3,5103.9,OI05,22,"AVENA",1,"RIEGO","PROCAMPO TRADICIONAL",
32,"ZACATECAS",186,"TLALTENANGO",1,"TEPECHITLAN",45,"TEPECHITLAN",0,"PROPIEDAD PRIVADA",605422927,"CANO CARRILLO SALVADOR",2,1926,OI05,22,"AVENA",1,"RIEGO","PROCAMPO TRADICIONAL",
32,"ZACATECAS",186,"TLALTENANGO",1,"TEPECHITLAN",48,"TLALTENAGO DE SANCHEZ ROMAN",0,"PROPIEDAD PRIVADA",3365142,"TREJO TREJO ADOLFO",6.53,6288.39,OI05,8,"CEBADA",1,"RIEGO","PROCAMPO TRADICIONAL",
32,"ZACATECAS",186,"TLALTENANGO",1,"TEPECHITLAN",48,"TLALTENAGO DE SANCHEZ ROMAN",0,"PROPIEDAD PRIVADA",3365657,"MEDINA SALDANA RAMIRO",2.07,1993.41,OI05,8,"CEBADA",1,"RIEGO","PROCAMPO TRADICIONAL",
32,"ZACATECAS",186,"TLALTENANGO",1,"TEPECHITLAN",48,"TLALTENAGO DE SANCHEZ ROMAN",0,"PROPIEDAD PRIVADA",3394053,"GONZALEZ LOERA JOSE FLAVIO",10,9630,OI05,22,"AVENA",1,"RIEGO","PROCAMPO TRADICIONAL",
32,"ZACATECAS",186,"TLALTENANGO",1,"TEPECHITLAN",48,"TLALTENAGO DE SANCHEZ ROMAN",0,"PROPIEDAD PRIVADA",3394368,"BERUMEN CORREA EMILIO",2.75,2648.25,OI05,8,"CEBADA",1,"RIEGO","PROCAMPO TRADICIONAL",
32,"ZACATECAS",186,"TLALTENANGO",1,"TEPECHITLAN",48,"TLALTENAGO DE SANCHEZ ROMAN",0,"PROPIEDAD PRIVADA",3429404,"SANDOVAL CASTANEDA ROBERTO",1.08,1040.04,OI05,22,"AVENA",1,"RIEGO","PROCAMPO TRADICIONAL",
32,"ZACATECAS",186,"TLALTENANGO",1,"TEPECHITLAN",48,"TLALTENAGO DE SANCHEZ ROMAN",0,"PROPIEDAD PRIVADA",3444485,"TREJO MIRAMONTES JUAN IGNACIO",1.5,1444.5,OI05,8,"CEBADA",1,"RIEGO","PROCAMPO TRADICIONAL",
32,"ZACATECAS",186,"TLALTENANGO",1,"TEPECHITLAN",48,"TLALTENAGO DE SANCHEZ ROMAN",0,"PROPIEDAD PRIVADA",3444794,"RIVERA CORVERA AMADOR",1,963,OI05,8,"CEBADA",1,"RIEGO","PROCAMPO TRADICIONAL",
32,"ZACATECAS",186,"TLALTENANGO",1,"TEPECHITLAN",48,"TLALTENAGO DE SANCHEZ ROMAN",0,"PROPIEDAD PRIVADA",3444845,"TREJO MIRAMONTES JUAN IGNACIO",5.7,5489.1,OI05,8,"CEBADA",1,"RIEGO","PROCAMPO TRADICIONAL",
32,"ZACATECAS",186,"TLALTENANGO",1,"TEPECHITLAN",48,"TLALTENAGO DE SANCHEZ ROMAN",0,"PROPIEDAD PRIVADA",3466117,"MAYORGA FLORES FRANCISCO",7.48,7203.24,OI05,22,"AVENA",1,"RIEGO","PROCAMPO TRADICIONAL",
32,"ZACATECAS",186,"TLALTENANGO",1,"TEPECHITLAN",48,"TLALTENAGO DE SANCHEZ ROMAN",0,"PROPIEDAD PRIVADA",600001620,"MOJARRO DAVILA JOEL OSIRIS",3,2889,OI05,116,"PASTOS ANUALES",1,"RIEGO","PROCAMPO TRADICIONAL",
32,"ZACATECAS",186,"TLALTENANGO",1,"TEPECHITLAN",48,"TLALTENAGO DE SANCHEZ ROMAN",0,"PROPIEDAD PRIVADA",600001865,"BUGARIN CARLOS MA  RUBEN",1.5,1444.5,OI05,22,"AVENA",1,"RIEGO","PROCAMPO TRADICIONAL",
32,"ZACATECAS",186,"TLALTENANGO",1,"TEPECHITLAN",48,"TLALTENAGO DE SANCHEZ ROMAN",0,"PROPIEDAD PRIVADA",600002015,"GONZALEZ LOERA JOSE FLAVIO",8.82,8493.66,OI05,22,"AVENA",1,"RIEGO","PROCAMPO TRADICIONAL",
