"Estado","Nombre del estado","DDR","Nombre del DDR","CADER","Nombre del CADER","Municipio","Nombre del municipio","Ejido","Nombre del Ejido","Productor","Nombre Productor","Superficie apoyada","Importe apoyado","Ciclo","Cultivo","Nombre del cultivo","Clave Regimen Hidrico","Regimen Hidrico","Programa",
31,"YUCATAN",180,"TICUL",3,"TEKAX",79,"TEKAX",441,"SAN ISIDRO YAXCHE",3320080,"COUOH CAAMAL BARTOLO",1,935,OI05,,"",2,"TEMPORAL","CAPITALIZA",
31,"YUCATAN",180,"TICUL",3,"TEKAX",79,"TEKAX",441,"SAN ISIDRO YAXCHE",3344080,"COUOH Y POOT GUILLERMO",1,935,OI05,,"",2,"TEMPORAL","CAPITALIZA",
31,"YUCATAN",180,"TICUL",3,"TEKAX",79,"TEKAX",441,"SAN ISIDRO YAXCHE",3722502,"COUOH CAAMAL LORENZO",1,935,OI05,,"",2,"TEMPORAL","CAPITALIZA",
31,"YUCATAN",180,"TICUL",3,"TEKAX",79,"TEKAX",441,"SAN ISIDRO YAXCHE",3722503,"COUOH CAAMAL SAMUEL",1,935,OI05,,"",2,"TEMPORAL","CAPITALIZA",
31,"YUCATAN",180,"TICUL",3,"TEKAX",79,"TEKAX",441,"SAN ISIDRO YAXCHE",3722504,"COUOH CAAMAL SANTOS LINO",1,935,OI05,,"",2,"TEMPORAL","CAPITALIZA",
31,"YUCATAN",180,"TICUL",3,"TEKAX",79,"TEKAX",441,"SAN ISIDRO YAXCHE",3722505,"COUOH CAAMAL JOSE FLORENTINO",1,935,OI05,,"",2,"TEMPORAL","CAPITALIZA",
31,"YUCATAN",180,"TICUL",3,"TEKAX",79,"TEKAX",441,"SAN ISIDRO YAXCHE",3722507,"COUOH CAAMAL MARCOS",3,2805,OI05,,"",2,"TEMPORAL","CAPITALIZA",
31,"YUCATAN",180,"TICUL",3,"TEKAX",79,"TEKAX",441,"SAN ISIDRO YAXCHE",3722508,"COUOH CAAMAL BENITO",1,935,OI05,,"",2,"TEMPORAL","CAPITALIZA",
31,"YUCATAN",180,"TICUL",3,"TEKAX",79,"TEKAX",441,"SAN ISIDRO YAXCHE",3722509,"COUOH POOT BACILIO",1,935,OI05,,"",2,"TEMPORAL","CAPITALIZA",
31,"YUCATAN",180,"TICUL",3,"TEKAX",79,"TEKAX",411,"CHAN DZITNUP",1600036184,"COLLI CHI UVALDO ROLANDO",.5,481.5,OI05,,"",2,"TEMPORAL","CAPITALIZA",
31,"YUCATAN",180,"TICUL",3,"TEKAX",79,"TEKAX",413,"EMILIANO ZAPATA",3320081,"CABALLERO Y SANTA MARIA ENRIQUE ARSENIO",3,2805,OI05,,"",2,"TEMPORAL","CAPITALIZA",
31,"YUCATAN",180,"TICUL",3,"TEKAX",79,"TEKAX",441,"SAN ISIDRO YAXCHE",3722513,"LOPEZ QUINONES FERNANDO",1,935,OI05,,"",2,"TEMPORAL","CAPITALIZA",
31,"YUCATAN",180,"TICUL",3,"TEKAX",79,"TEKAX",451,"SAN SALVADOR PISTE",3344057,"DZUL COUOH ARMANDO",.9,866.7,OI05,,"",2,"TEMPORAL","CAPITALIZA",
31,"YUCATAN",180,"TICUL",3,"TEKAX",79,"TEKAX",440,"SAN ISIDRO MAC YAM",3343564,"YAM TE JOSE ALEJANDRO",2,1870,OI05,,"",2,"TEMPORAL","CAPITALIZA",
31,"YUCATAN",180,"TICUL",3,"TEKAX",79,"TEKAX",440,"SAN ISIDRO MAC YAM",3343565,"YAM CANTE DANIEL",2,1870,OI05,,"",2,"TEMPORAL","CAPITALIZA",
31,"YUCATAN",180,"TICUL",3,"TEKAX",79,"TEKAX",440,"SAN ISIDRO MAC YAM",3343566,"ACOSTA MORENO MARIA TERESITA DE JESUS",2,1870,OI05,,"",2,"TEMPORAL","CAPITALIZA",
31,"YUCATAN",180,"TICUL",3,"TEKAX",79,"TEKAX",440,"SAN ISIDRO MAC YAM",3343568,"CANCHE YAH CASIMIRO",2,1870,OI05,,"",2,"TEMPORAL","CAPITALIZA",
31,"YUCATAN",180,"TICUL",3,"TEKAX",79,"TEKAX",440,"SAN ISIDRO MAC YAM",3343570,"YAM COCOM ANASTACIO",2,1870,OI05,,"",2,"TEMPORAL","CAPITALIZA",
31,"YUCATAN",180,"TICUL",3,"TEKAX",79,"TEKAX",440,"SAN ISIDRO MAC YAM",3343572,"CANCHE YNTERIAN ELEAZAR",2,1870,OI05,,"",2,"TEMPORAL","CAPITALIZA",
31,"YUCATAN",180,"TICUL",3,"TEKAX",79,"TEKAX",440,"SAN ISIDRO MAC YAM",3343573,"CANCHE LOPEZ ABRAHAM",2,1870,OI05,,"",2,"TEMPORAL","CAPITALIZA",
31,"YUCATAN",180,"TICUL",3,"TEKAX",79,"TEKAX",440,"SAN ISIDRO MAC YAM",3343574,"YAM TE FERNANDO",2,1870,OI05,,"",2,"TEMPORAL","CAPITALIZA",
31,"YUCATAN",180,"TICUL",3,"TEKAX",79,"TEKAX",440,"SAN ISIDRO MAC YAM",3343624,"CAAMAL MAS MIGUEL",2,1870,OI05,,"",2,"TEMPORAL","CAPITALIZA",
31,"YUCATAN",180,"TICUL",3,"TEKAX",79,"TEKAX",440,"SAN ISIDRO MAC YAM",3343625,"CAAMAL MAAS FAUSTINO",2,1870,OI05,,"",2,"TEMPORAL","CAPITALIZA",
31,"YUCATAN",180,"TICUL",3,"TEKAX",79,"TEKAX",440,"SAN ISIDRO MAC YAM",3343626,"SALAZAR PALMA MANUEL JESUS",2,1870,OI05,,"",2,"TEMPORAL","CAPITALIZA",
31,"YUCATAN",180,"TICUL",3,"TEKAX",79,"TEKAX",440,"SAN ISIDRO MAC YAM",3725924,"CAAMAL PECH BARTOLOME",2,1870,OI05,,"",2,"TEMPORAL","CAPITALIZA",
31,"YUCATAN",180,"TICUL",3,"TEKAX",79,"TEKAX",440,"SAN ISIDRO MAC YAM",1600586818,"SALAZAR PALMA GILDA MARIA DEL SOCORRO",2,1870,OI05,,"",2,"TEMPORAL","CAPITALIZA",
31,"YUCATAN",180,"TICUL",4,"TZUCACAB",98,"TZUCACAB",619,"CAXAYTUK",1600004269,"SULUB HAU JESUS BERNABE",2,1870,OI05,,"",1,"RIEGO","CAPITALIZA",
31,"YUCATAN",180,"TICUL",1,"MUNA",53,"MUNA",290,"MUNA",1600294449,"PACAB CHAN CARLOS HUMBERTO",1,963,OI05,1,"MAIZ",1,"RIEGO","PROCAMPO TRADICIONAL",
31,"YUCATAN",180,"TICUL",1,"MUNA",53,"MUNA",290,"MUNA",1600303847,"MARTIN REDONDO GUADALUPE",1,963,OI05,1,"MAIZ",1,"RIEGO","PROCAMPO TRADICIONAL",
31,"YUCATAN",180,"TICUL",1,"MUNA",53,"MUNA",290,"MUNA",1600303958,"AC FLORES GILBERTO",1,963,OI05,220,"NARANJA",1,"RIEGO","PROCAMPO TRADICIONAL",
31,"YUCATAN",180,"TICUL",1,"MUNA",53,"MUNA",290,"MUNA",1600304167,"MARTIN NAVARRETE JORGE LUIS",2,1926,OI05,1,"MAIZ",1,"RIEGO","PROCAMPO TRADICIONAL",
31,"YUCATAN",180,"TICUL",1,"MUNA",53,"MUNA",290,"MUNA",1600305860,"MUGARTE EUAN ERNESTO",3,2889,OI05,1,"MAIZ",1,"RIEGO","PROCAMPO TRADICIONAL",
31,"YUCATAN",180,"TICUL",1,"MUNA",53,"MUNA",290,"MUNA",1600305866,"DZUL CHI DANIEL",4.5,4333.5,OI05,1,"MAIZ",1,"RIEGO","PROCAMPO TRADICIONAL",
31,"YUCATAN",180,"TICUL",1,"MUNA",53,"MUNA",290,"MUNA",1600306538,"MARTIN REDONDO GUADALUPE",1,963,OI05,1,"MAIZ",1,"RIEGO","PROCAMPO TRADICIONAL",
31,"YUCATAN",180,"TICUL",1,"MUNA",53,"MUNA",290,"MUNA",1600306540,"MARTIN REDONDO GUADALUPE",1,963,OI05,1,"MAIZ",1,"RIEGO","PROCAMPO TRADICIONAL",
31,"YUCATAN",180,"TICUL",1,"MUNA",53,"MUNA",290,"MUNA",1600306575,"AC OROZCO LAUREANO",1,963,OI05,1,"MAIZ",1,"RIEGO","PROCAMPO TRADICIONAL",
31,"YUCATAN",180,"TICUL",1,"MUNA",53,"MUNA",290,"MUNA",1600306636,"HERRERA DELGADO JOSE FLORENCIO",1,963,OI05,1,"MAIZ",1,"RIEGO","PROCAMPO TRADICIONAL",
31,"YUCATAN",180,"TICUL",1,"MUNA",53,"MUNA",290,"MUNA",1600584309,"PINZON REDONDO VIRGILIO",.5,481.5,OI05,1,"MAIZ",1,"RIEGO","PROCAMPO TRADICIONAL",
31,"YUCATAN",180,"TICUL",1,"MUNA",53,"MUNA",290,"MUNA",1600584525,"DZUL BALAM JUAN GABRIEL",9.5,9148.5,OI05,1,"MAIZ",1,"RIEGO","PROCAMPO TRADICIONAL",
31,"YUCATAN",180,"TICUL",1,"MUNA",53,"MUNA",290,"MUNA",1600584649,"BALAM CHALE ARTURO",1,963,OI05,1,"MAIZ",1,"RIEGO","PROCAMPO TRADICIONAL",
31,"YUCATAN",180,"TICUL",1,"MUNA",53,"MUNA",290,"MUNA",1600584733,"LOPEZ NABTE LORENZO DE JESUS",1,963,OI05,1,"MAIZ",1,"RIEGO","PROCAMPO TRADICIONAL",
31,"YUCATAN",180,"TICUL",1,"MUNA",53,"MUNA",290,"MUNA",1600584735,"FARFAN BALAM JOSE MERCEDES",2,1926,OI05,1,"MAIZ",1,"RIEGO","PROCAMPO TRADICIONAL",
31,"YUCATAN",180,"TICUL",1,"MUNA",53,"MUNA",290,"MUNA",1600586161,"BARBOSA LOPEZ MIGUEL ANGEL",1.5,1444.5,OI05,1,"MAIZ",1,"RIEGO","PROCAMPO TRADICIONAL",
31,"YUCATAN",180,"TICUL",1,"MUNA",53,"MUNA",290,"MUNA",1600586627,"DZUL CHAN ADOLFO",.5,481.5,OI05,220,"NARANJA",1,"RIEGO","PROCAMPO TRADICIONAL",
31,"YUCATAN",180,"TICUL",1,"MUNA",53,"MUNA",290,"MUNA",1600586629,"YAMA DZUL VICTORIANO",1,963,OI05,1,"MAIZ",1,"RIEGO","PROCAMPO TRADICIONAL",
31,"YUCATAN",180,"TICUL",1,"MUNA",53,"MUNA",290,"MUNA",1600586631,"LOPEZ CHAN CARLOS",4,3852,OI05,1,"MAIZ",1,"RIEGO","PROCAMPO TRADICIONAL",
31,"YUCATAN",180,"TICUL",1,"MUNA",53,"MUNA",290,"MUNA",1600586637,"TOLOSA DIAZ JUAN GABRIEL",1,963,OI05,1,"MAIZ",1,"RIEGO","PROCAMPO TRADICIONAL",
31,"YUCATAN",180,"TICUL",1,"MUNA",53,"MUNA",290,"MUNA",1600586639,"DZIB TUN ROMUALDO",2,1926,OI05,1,"MAIZ",1,"RIEGO","PROCAMPO TRADICIONAL",
31,"YUCATAN",180,"TICUL",1,"MUNA",53,"MUNA",290,"MUNA",1600866903,"UC MEDINA MIGUEL",.88,847.44,OI05,1,"MAIZ",1,"RIEGO","PROCAMPO TRADICIONAL",
31,"YUCATAN",180,"TICUL",1,"MUNA",53,"MUNA",290,"MUNA",1600867033,"MUGARTE  PAULA",2,1926,OI05,1,"MAIZ",1,"RIEGO","PROCAMPO TRADICIONAL",
31,"YUCATAN",180,"TICUL",1,"MUNA",53,"MUNA",290,"MUNA",1600867065,"PACHECO BALAM JOSE ISRAEL",1.5,1444.5,OI05,1,"MAIZ",1,"RIEGO","PROCAMPO TRADICIONAL",
31,"YUCATAN",180,"TICUL",1,"MUNA",53,"MUNA",290,"MUNA",1600867067,"MARTIN CASTRO LUIS ANTONIO",.5,481.5,OI05,1,"MAIZ",2,"TEMPORAL","PROCAMPO TRADICIONAL",
31,"YUCATAN",180,"TICUL",1,"MUNA",53,"MUNA",290,"MUNA",1600867281,"ARANA  FELICIANA",2.5,2407.5,OI05,1,"MAIZ",1,"RIEGO","PROCAMPO TRADICIONAL",
31,"YUCATAN",180,"TICUL",1,"MUNA",53,"MUNA",290,"MUNA",1600961711,"CETZ MAY JOSE MANUEL",2,1926,OI05,1,"MAIZ",1,"RIEGO","PROCAMPO TRADICIONAL",
31,"YUCATAN",180,"TICUL",1,"MUNA",53,"MUNA",290,"MUNA",1601155159,"PAT KUK ROGACIANO DE JESUS",.56,539.28,OI05,1,"MAIZ",1,"RIEGO","PROCAMPO TRADICIONAL",
31,"YUCATAN",180,"TICUL",1,"MUNA",53,"MUNA",290,"MUNA",1601155403,"NAVARRETE MEX EMILIANO",.5,481.5,OI05,1,"MAIZ",1,"RIEGO","PROCAMPO TRADICIONAL",
31,"YUCATAN",180,"TICUL",1,"MUNA",53,"MUNA",290,"MUNA",1601155899,"NEGRON DUARTE ESTHER",2.5,2407.5,OI05,1,"MAIZ",1,"RIEGO","PROCAMPO TRADICIONAL",
31,"YUCATAN",180,"TICUL",1,"MUNA",53,"MUNA",290,"MUNA",1601440400,"SANTOS RODRIGUEZ EDGAR ENRIQUE",1,963,OI05,1,"MAIZ",1,"RIEGO","PROCAMPO TRADICIONAL",
31,"YUCATAN",180,"TICUL",4,"TZUCACAB",98,"TZUCACAB",637,"TZUCACAB",1600004259,"TAMAYO GOMEZ CARLOS",2,1926,OI05,1,"MAIZ",1,"RIEGO","PROCAMPO TRADICIONAL",
31,"YUCATAN",180,"TICUL",4,"TZUCACAB",98,"TZUCACAB",637,"TZUCACAB",1600004271,"SIERRA  JUAN BAUTISTA",2,1926,OI05,1,"MAIZ",1,"RIEGO","PROCAMPO TRADICIONAL",
31,"YUCATAN",180,"TICUL",4,"TZUCACAB",98,"TZUCACAB",637,"TZUCACAB",1600004295,"YAH  ALFONSO",2,1926,OI05,2,"FRIJOL",1,"RIEGO","PROCAMPO TRADICIONAL",
31,"YUCATAN",180,"TICUL",4,"TZUCACAB",98,"TZUCACAB",637,"TZUCACAB",1600004314,"ACEVEDO SOSA PEDRO PABLO",2,1926,OI05,61,"CHILE",1,"RIEGO","PROCAMPO TRADICIONAL",
31,"YUCATAN",180,"TICUL",4,"TZUCACAB",98,"TZUCACAB",637,"TZUCACAB",1600004320,"ACEVEDO SOSA GASPAR",2,1926,OI05,1,"MAIZ",1,"RIEGO","PROCAMPO TRADICIONAL",
31,"YUCATAN",180,"TICUL",4,"TZUCACAB",98,"TZUCACAB",637,"TZUCACAB",1601364636,"MARTIN Y BRICENO GUADALUPE",2,1926,OI05,1,"MAIZ",1,"RIEGO","PROCAMPO TRADICIONAL",
31,"YUCATAN",180,"TICUL",4,"TZUCACAB",98,"TZUCACAB",637,"TZUCACAB",1601828430,"ROSADO SOSA ODISEO REYNALDO",2,1926,OI05,237,"PLATANO",1,"RIEGO","PROCAMPO TRADICIONAL",
31,"YUCATAN",180,"TICUL",3,"TEKAX",79,"TEKAX",443,"SAN JUAN TEKAX",1600004431,"CAN DZUL VICTORIANO",12,11556,OI05,2,"FRIJOL",2,"TEMPORAL","PROCAMPO TRADICIONAL",
31,"YUCATAN",179,"MERIDA",5,"MAXCANU",55,"OPICHEN",297,"OPICHEN",3318809,"CANCHE CANUL PABLO",1,963,OI05,1,"MAIZ",2,"TEMPORAL","PROCAMPO TRADICIONAL",
31,"YUCATAN",179,"MERIDA",5,"MAXCANU",55,"OPICHEN",297,"OPICHEN",3318810,"CANCHE CANUL ALVARO",1,963,OI05,1,"MAIZ",2,"TEMPORAL","PROCAMPO TRADICIONAL",
31,"YUCATAN",179,"MERIDA",5,"MAXCANU",55,"OPICHEN",297,"OPICHEN",3318812,"CANCHE MUGARTE PABLO",1,963,OI05,1,"MAIZ",2,"TEMPORAL","PROCAMPO TRADICIONAL",
31,"YUCATAN",179,"MERIDA",5,"MAXCANU",55,"OPICHEN",297,"OPICHEN",3318813,"CHAN CHIN ENRIQUE MANUEL",1.48,1425.24,OI05,1,"MAIZ",2,"TEMPORAL","PROCAMPO TRADICIONAL",
31,"YUCATAN",179,"MERIDA",5,"MAXCANU",55,"OPICHEN",297,"OPICHEN",3318815,"EUAN CEN INDALECIO",1.5,1444.5,OI05,1,"MAIZ",2,"TEMPORAL","PROCAMPO TRADICIONAL",
31,"YUCATAN",179,"MERIDA",5,"MAXCANU",55,"OPICHEN",297,"OPICHEN",3318819,"TZEC XOOL GERVACIO",.5,481.5,OI05,1,"MAIZ",2,"TEMPORAL","PROCAMPO TRADICIONAL",
31,"YUCATAN",179,"MERIDA",5,"MAXCANU",55,"OPICHEN",297,"OPICHEN",3318820,"CHAN CHIN JOSE VICENTE",1,963,OI05,1,"MAIZ",2,"TEMPORAL","PROCAMPO TRADICIONAL",
31,"YUCATAN",179,"MERIDA",5,"MAXCANU",55,"OPICHEN",297,"OPICHEN",3318821,"GONZALEZ CALAN FRANCISCO",1.5,1444.5,OI05,1,"MAIZ",2,"TEMPORAL","PROCAMPO TRADICIONAL",
31,"YUCATAN",179,"MERIDA",5,"MAXCANU",55,"OPICHEN",297,"OPICHEN",3318822,"MADERA CHIN ARTURO",1,963,OI05,1,"MAIZ",2,"TEMPORAL","PROCAMPO TRADICIONAL",
31,"YUCATAN",179,"MERIDA",5,"MAXCANU",55,"OPICHEN",297,"OPICHEN",3318823,"TZEC TEC VICTOR MANUEL",1,963,OI05,1,"MAIZ",2,"TEMPORAL","PROCAMPO TRADICIONAL",
31,"YUCATAN",179,"MERIDA",5,"MAXCANU",55,"OPICHEN",297,"OPICHEN",3318824,"MOO DZUL BUENA BENTURA",1,963,OI05,1,"MAIZ",2,"TEMPORAL","PROCAMPO TRADICIONAL",
31,"YUCATAN",179,"MERIDA",5,"MAXCANU",55,"OPICHEN",297,"OPICHEN",3318825,"MOO MADERA EYDER CONCEPCION",1,963,OI05,1,"MAIZ",2,"TEMPORAL","PROCAMPO TRADICIONAL",
31,"YUCATAN",179,"MERIDA",5,"MAXCANU",55,"OPICHEN",297,"OPICHEN",3318828,"CHAN RAMOS FELIPE",1.24,1194.12,OI05,1,"MAIZ",2,"TEMPORAL","PROCAMPO TRADICIONAL",
31,"YUCATAN",179,"MERIDA",5,"MAXCANU",55,"OPICHEN",297,"OPICHEN",3318843,"CANCHE MUGARTE JOSE RAUL",.24,231.12,OI05,1,"MAIZ",2,"TEMPORAL","PROCAMPO TRADICIONAL",
31,"YUCATAN",179,"MERIDA",5,"MAXCANU",55,"OPICHEN",297,"OPICHEN",1600092316,"MOO DZUL ARSENIO",2,1926,OI05,1,"MAIZ",2,"TEMPORAL","PROCAMPO TRADICIONAL",
31,"YUCATAN",179,"MERIDA",5,"MAXCANU",55,"OPICHEN",297,"OPICHEN",1600303781,"DZUL YAMA ALVARO",1,963,OI05,1,"MAIZ",2,"TEMPORAL","PROCAMPO TRADICIONAL",
31,"YUCATAN",179,"MERIDA",5,"MAXCANU",55,"OPICHEN",297,"OPICHEN",1601532296,"TUT MOO ANGEL",1,963,OI05,1,"MAIZ",2,"TEMPORAL","PROCAMPO TRADICIONAL",
31,"YUCATAN",179,"MERIDA",5,"MAXCANU",55,"OPICHEN",297,"OPICHEN",1601985644,"PISTE CHAN MARIA EDIT",1,963,OI05,1,"MAIZ",2,"TEMPORAL","PROCAMPO TRADICIONAL",
31,"YUCATAN",180,"TICUL",2,"OXKUTZCAB",89,"TICUL",9502,"PA TICUL",1600004397,"ALVARADO SOSA LORENZO",30,28890,OI05,208,"LIMON",2,"TEMPORAL","PROCAMPO TRADICIONAL",
31,"YUCATAN",180,"TICUL",4,"TZUCACAB",98,"TZUCACAB",620,"EL CORRAL",3724547,"ARCEO  ANASTACIO",.77,741.51,OI05,1,"MAIZ",1,"RIEGO","PROCAMPO TRADICIONAL",
31,"YUCATAN",180,"TICUL",4,"TZUCACAB",98,"TZUCACAB",620,"EL CORRAL",1600003662,"MOO CHABLE SALVADOR",.77,741.51,OI05,1,"MAIZ",1,"RIEGO","PROCAMPO TRADICIONAL",
31,"YUCATAN",180,"TICUL",4,"TZUCACAB",98,"TZUCACAB",620,"EL CORRAL",1600003708,"CAAMAL CHI HUMBERTO",.77,741.51,OI05,1,"MAIZ",1,"RIEGO","PROCAMPO TRADICIONAL",
31,"YUCATAN",180,"TICUL",4,"TZUCACAB",98,"TZUCACAB",620,"EL CORRAL",1600003727,"POOT UC JOSE LUIS",.77,741.51,OI05,1,"MAIZ",1,"RIEGO","PROCAMPO TRADICIONAL",
31,"YUCATAN",180,"TICUL",4,"TZUCACAB",98,"TZUCACAB",620,"EL CORRAL",1600003753,"POOT UC ROSENDO",.77,741.51,OI05,1,"MAIZ",1,"RIEGO","PROCAMPO TRADICIONAL",
31,"YUCATAN",180,"TICUL",4,"TZUCACAB",98,"TZUCACAB",620,"EL CORRAL",1600003795,"CHI SANSORES RUFINO",.77,741.51,OI05,1,"MAIZ",1,"RIEGO","PROCAMPO TRADICIONAL",
31,"YUCATAN",180,"TICUL",4,"TZUCACAB",98,"TZUCACAB",620,"EL CORRAL",1600003814,"CHI SANSOREZ GRACIANA",.77,741.51,OI05,1,"MAIZ",1,"RIEGO","PROCAMPO TRADICIONAL",
31,"YUCATAN",180,"TICUL",1,"MUNA",53,"MUNA",290,"MUNA",3720536,"GOMEZ LOPEZ FULGENCIO",1,963,OI05,1,"MAIZ",1,"RIEGO","PROCAMPO TRADICIONAL",
31,"YUCATAN",180,"TICUL",1,"MUNA",53,"MUNA",290,"MUNA",3720571,"CALAM ORDONEZ MARCELINO",1,963,OI05,1,"MAIZ",1,"RIEGO","PROCAMPO TRADICIONAL",
31,"YUCATAN",180,"TICUL",1,"MUNA",53,"MUNA",290,"MUNA",3720607,"NEGRON ORDONEZ CARLOS ENRIQUE",1.5,1444.5,OI05,1,"MAIZ",1,"RIEGO","PROCAMPO TRADICIONAL",
31,"YUCATAN",180,"TICUL",1,"MUNA",53,"MUNA",290,"MUNA",3720615,"DOMINGUEZ COUOH LUIS ABUNDIO",1,963,OI05,1,"MAIZ",1,"RIEGO","PROCAMPO TRADICIONAL",
31,"YUCATAN",180,"TICUL",1,"MUNA",53,"MUNA",290,"MUNA",1600001556,"REYES CETZ FERNANDO",1,963,OI05,220,"NARANJA",1,"RIEGO","PROCAMPO TRADICIONAL",
31,"YUCATAN",180,"TICUL",1,"MUNA",53,"MUNA",290,"MUNA",1600001566,"AC DZUL JOSE ISIDRO",2,1926,OI05,1,"MAIZ",1,"RIEGO","PROCAMPO TRADICIONAL",
31,"YUCATAN",180,"TICUL",1,"MUNA",53,"MUNA",290,"MUNA",1600001576,"QUINTAL MARTIN SECUNDINO",4,3852,OI05,1,"MAIZ",1,"RIEGO","PROCAMPO TRADICIONAL",
31,"YUCATAN",180,"TICUL",1,"MUNA",53,"MUNA",290,"MUNA",1600001586,"DZIB PACHECO JUAN BAUTISTA",3,2889,OI05,1,"MAIZ",1,"RIEGO","PROCAMPO TRADICIONAL",
31,"YUCATAN",180,"TICUL",1,"MUNA",53,"MUNA",290,"MUNA",1600001592,"KU CHAN JUAN MANUEL BAUTISTA",1,963,OI05,1,"MAIZ",1,"RIEGO","PROCAMPO TRADICIONAL",
31,"YUCATAN",180,"TICUL",1,"MUNA",53,"MUNA",290,"MUNA",1600001596,"EUAN BRITO FLORENTINO",2,1926,OI05,1,"MAIZ",1,"RIEGO","PROCAMPO TRADICIONAL",
31,"YUCATAN",180,"TICUL",1,"MUNA",53,"MUNA",290,"MUNA",1600001604,"HERRERA TUN MARIO",1.5,1444.5,OI05,220,"NARANJA",1,"RIEGO","PROCAMPO TRADICIONAL",
31,"YUCATAN",180,"TICUL",1,"MUNA",53,"MUNA",290,"MUNA",1600001614,"CALAM PACHECO ENRIQUE",2,1926,OI05,1,"MAIZ",1,"RIEGO","PROCAMPO TRADICIONAL",
31,"YUCATAN",180,"TICUL",1,"MUNA",53,"MUNA",290,"MUNA",1600001626,"COUOH REDONDO JOSE ANACLETO",1,963,OI05,220,"NARANJA",1,"RIEGO","PROCAMPO TRADICIONAL",
31,"YUCATAN",180,"TICUL",1,"MUNA",53,"MUNA",290,"MUNA",1600001650,"YAMA DZUL GONZALO",1,963,OI05,220,"NARANJA",1,"RIEGO","PROCAMPO TRADICIONAL",
31,"YUCATAN",180,"TICUL",1,"MUNA",53,"MUNA",290,"MUNA",1600001672,"AC NABTE BENITO",1,963,OI05,220,"NARANJA",1,"RIEGO","PROCAMPO TRADICIONAL",
31,"YUCATAN",180,"TICUL",1,"MUNA",53,"MUNA",290,"MUNA",1600001678,"UH VAZQUEZ GUILLERMO",2,1926,OI05,1,"MAIZ",1,"RIEGO","PROCAMPO TRADICIONAL",
31,"YUCATAN",180,"TICUL",1,"MUNA",53,"MUNA",290,"MUNA",1600001688,"COUOH REDONDO CELESTINO",1.5,1444.5,OI05,220,"NARANJA",1,"RIEGO","PROCAMPO TRADICIONAL",
31,"YUCATAN",180,"TICUL",1,"MUNA",53,"MUNA",290,"MUNA",1600001741,"CANUL  GILBERTO",2,1926,OI05,1,"MAIZ",2,"TEMPORAL","PROCAMPO TRADICIONAL",
31,"YUCATAN",180,"TICUL",1,"MUNA",53,"MUNA",290,"MUNA",1600001743,"MARTIN PERERA EMILIO",1,963,OI05,1,"MAIZ",1,"RIEGO","PROCAMPO TRADICIONAL",
31,"YUCATAN",180,"TICUL",1,"MUNA",53,"MUNA",290,"MUNA",1600001773,"EK LOPEZ FRANCISCO",1,963,OI05,1,"MAIZ",1,"RIEGO","PROCAMPO TRADICIONAL",
31,"YUCATAN",180,"TICUL",1,"MUNA",53,"MUNA",290,"MUNA",1600001803,"RODRIGUEZ  MANUEL",2,1926,OI05,1,"MAIZ",1,"RIEGO","PROCAMPO TRADICIONAL",
31,"YUCATAN",180,"TICUL",1,"MUNA",53,"MUNA",290,"MUNA",1600001829,"REDONDO CHAN LUIS FELIPE",2,1926,OI05,1,"MAIZ",1,"RIEGO","PROCAMPO TRADICIONAL",
31,"YUCATAN",180,"TICUL",1,"MUNA",53,"MUNA",290,"MUNA",1600001847,"CONTRERAS  JOSE FRANCISCO",1.5,1444.5,OI05,1,"MAIZ",1,"RIEGO","PROCAMPO TRADICIONAL",
31,"YUCATAN",180,"TICUL",1,"MUNA",53,"MUNA",290,"MUNA",1600001905,"AC OROZCO BARTOLO",2,1926,OI05,220,"NARANJA",1,"RIEGO","PROCAMPO TRADICIONAL",
31,"YUCATAN",180,"TICUL",1,"MUNA",53,"MUNA",290,"MUNA",1600001913,"NARVAEZ CASANOVA ALFREDO",1,963,OI05,1,"MAIZ",1,"RIEGO","PROCAMPO TRADICIONAL",
31,"YUCATAN",180,"TICUL",1,"MUNA",53,"MUNA",290,"MUNA",1600001993,"CHAY TUN PEDRO",1,963,OI05,220,"NARANJA",1,"RIEGO","PROCAMPO TRADICIONAL",
31,"YUCATAN",180,"TICUL",1,"MUNA",53,"MUNA",290,"MUNA",1600002013,"COUOH COUOH GREGORIO",1,963,OI05,1,"MAIZ",1,"RIEGO","PROCAMPO TRADICIONAL",
31,"YUCATAN",180,"TICUL",1,"MUNA",53,"MUNA",290,"MUNA",1600002071,"AC RODRIGUEZ MARIO",1,963,OI05,1,"MAIZ",1,"RIEGO","PROCAMPO TRADICIONAL",
31,"YUCATAN",180,"TICUL",1,"MUNA",53,"MUNA",290,"MUNA",1600002081,"SANTOS MARTIN FELIX",.5,481.5,OI05,220,"NARANJA",1,"RIEGO","PROCAMPO TRADICIONAL",
31,"YUCATAN",180,"TICUL",1,"MUNA",53,"MUNA",290,"MUNA",1600002093," COUOH AGUSTIN",1,963,OI05,1,"MAIZ",1,"RIEGO","PROCAMPO TRADICIONAL",
31,"YUCATAN",180,"TICUL",1,"MUNA",53,"MUNA",290,"MUNA",1600002103,"MOLINA DZUL LUIS ELIGIO",1.5,1444.5,OI05,220,"NARANJA",1,"RIEGO","PROCAMPO TRADICIONAL",
31,"YUCATAN",180,"TICUL",1,"MUNA",66,"SANTA ELENA",359,"SANTA ELENA",3329674,"MORENO ALVARADO EDUARDO",.5,481.5,OI05,1,"MAIZ",1,"RIEGO","PROCAMPO TRADICIONAL",
31,"YUCATAN",180,"TICUL",1,"MUNA",66,"SANTA ELENA",359,"SANTA ELENA",3329677,"MAAS PECH SANTIAGO",.5,481.5,OI05,1,"MAIZ",1,"RIEGO","PROCAMPO TRADICIONAL",
31,"YUCATAN",180,"TICUL",1,"MUNA",66,"SANTA ELENA",359,"SANTA ELENA",3329684,"TUN KOYOC PORFIRIO",.6,577.8,OI05,1,"MAIZ",1,"RIEGO","PROCAMPO TRADICIONAL",
31,"YUCATAN",180,"TICUL",1,"MUNA",66,"SANTA ELENA",359,"SANTA ELENA",3329685,"TUN CHAN DONATO",.5,481.5,OI05,1,"MAIZ",1,"RIEGO","PROCAMPO TRADICIONAL",
31,"YUCATAN",180,"TICUL",1,"MUNA",66,"SANTA ELENA",359,"SANTA ELENA",3329691,"MAAS BRICENO PABLO ERMITANIO",.5,481.5,OI05,1,"MAIZ",1,"RIEGO","PROCAMPO TRADICIONAL",
31,"YUCATAN",180,"TICUL",1,"MUNA",66,"SANTA ELENA",359,"SANTA ELENA",3329693,"TUN COB ALBINO",1,963,OI05,1,"MAIZ",1,"RIEGO","PROCAMPO TRADICIONAL",
31,"YUCATAN",180,"TICUL",1,"MUNA",66,"SANTA ELENA",359,"SANTA ELENA",3720789,"TUN CHAN ISIDRO",.5,481.5,OI05,1,"MAIZ",1,"RIEGO","PROCAMPO TRADICIONAL",
31,"YUCATAN",180,"TICUL",1,"MUNA",66,"SANTA ELENA",359,"SANTA ELENA",1600003718,"ITZA COB CANDIDO",.8,770.4,OI05,1,"MAIZ",1,"RIEGO","PROCAMPO TRADICIONAL",
31,"YUCATAN",180,"TICUL",1,"MUNA",66,"SANTA ELENA",359,"SANTA ELENA",1600003731,"HUCHIN MEX ADOLFO",.8,770.4,OI05,1,"MAIZ",1,"RIEGO","PROCAMPO TRADICIONAL",
31,"YUCATAN",180,"TICUL",1,"MUNA",66,"SANTA ELENA",359,"SANTA ELENA",1600003779,"MIAN CAAMAL ALFONSO",1,963,OI05,1,"MAIZ",1,"RIEGO","PROCAMPO TRADICIONAL",
31,"YUCATAN",180,"TICUL",1,"MUNA",66,"SANTA ELENA",359,"SANTA ELENA",1600003784,"MIAN CAAMAL ALFONSO",.5,481.5,OI05,1,"MAIZ",1,"RIEGO","PROCAMPO TRADICIONAL",
31,"YUCATAN",180,"TICUL",1,"MUNA",66,"SANTA ELENA",359,"SANTA ELENA",1600003801,"MAAS Y DZIB ERNESTO",1,963,OI05,1,"MAIZ",1,"RIEGO","PROCAMPO TRADICIONAL",
31,"YUCATAN",180,"TICUL",1,"MUNA",66,"SANTA ELENA",359,"SANTA ELENA",1600003820,"MAAS Y DZIB ERNESTO",1,963,OI05,1,"MAIZ",1,"RIEGO","PROCAMPO TRADICIONAL",
31,"YUCATAN",180,"TICUL",1,"MUNA",66,"SANTA ELENA",359,"SANTA ELENA",1600003855,"TZEK CHE JOSE ASUNCION",.5,481.5,OI05,1,"MAIZ",1,"RIEGO","PROCAMPO TRADICIONAL",
31,"YUCATAN",180,"TICUL",1,"MUNA",66,"SANTA ELENA",359,"SANTA ELENA",1600003870,"TZEK CHE JOSE ASUNCION",1,963,OI05,1,"MAIZ",1,"RIEGO","PROCAMPO TRADICIONAL",
31,"YUCATAN",180,"TICUL",1,"MUNA",66,"SANTA ELENA",359,"SANTA ELENA",1600003887,"EUAN COLLI ALONZO EXCELIS",1,963,OI05,1,"MAIZ",1,"RIEGO","PROCAMPO TRADICIONAL",
31,"YUCATAN",180,"TICUL",1,"MUNA",66,"SANTA ELENA",359,"SANTA ELENA",1600003922,"CETINA PERERA JESUS ANASTACIO",1,963,OI05,1,"MAIZ",1,"RIEGO","PROCAMPO TRADICIONAL",
31,"YUCATAN",180,"TICUL",1,"MUNA",66,"SANTA ELENA",359,"SANTA ELENA",1600003953,"HUCHIM PUC JOCEITO",1,963,OI05,1,"MAIZ",1,"RIEGO","PROCAMPO TRADICIONAL",
31,"YUCATAN",180,"TICUL",1,"MUNA",66,"SANTA ELENA",359,"SANTA ELENA",1600003992,"CHUC CHE GREGORIO",1,963,OI05,1,"MAIZ",1,"RIEGO","PROCAMPO TRADICIONAL",
31,"YUCATAN",180,"TICUL",1,"MUNA",66,"SANTA ELENA",359,"SANTA ELENA",1600004019,"BONILLA CAAMAL PASCUAL",1,963,OI05,1,"MAIZ",1,"RIEGO","PROCAMPO TRADICIONAL",
31,"YUCATAN",180,"TICUL",1,"MUNA",66,"SANTA ELENA",359,"SANTA ELENA",1600004057,"CHE MAS FELIPE DE JESUS",1,963,OI05,1,"MAIZ",1,"RIEGO","PROCAMPO TRADICIONAL",
31,"YUCATAN",180,"TICUL",1,"MUNA",66,"SANTA ELENA",359,"SANTA ELENA",1600004064,"BALAM KEB DEMETRIO",1,963,OI05,1,"MAIZ",1,"RIEGO","PROCAMPO TRADICIONAL",
31,"YUCATAN",180,"TICUL",1,"MUNA",66,"SANTA ELENA",359,"SANTA ELENA",1600004078,"MAAS POOT LUIS",.5,481.5,OI05,1,"MAIZ",1,"RIEGO","PROCAMPO TRADICIONAL",
31,"YUCATAN",180,"TICUL",1,"MUNA",66,"SANTA ELENA",359,"SANTA ELENA",1600004091,"HUCHIN CHUC FLORENTINO",3,2889,OI05,1,"MAIZ",1,"RIEGO","PROCAMPO TRADICIONAL",
31,"YUCATAN",180,"TICUL",1,"MUNA",66,"SANTA ELENA",359,"SANTA ELENA",1600004096,"YAH MAY NAZARIO",.16,154.08,OI05,1,"MAIZ",1,"RIEGO","PROCAMPO TRADICIONAL",
31,"YUCATAN",180,"TICUL",1,"MUNA",66,"SANTA ELENA",359,"SANTA ELENA",1600004108,"YAH MAY NAZARIO",1,963,OI05,1,"MAIZ",1,"RIEGO","PROCAMPO TRADICIONAL",
31,"YUCATAN",180,"TICUL",1,"MUNA",66,"SANTA ELENA",359,"SANTA ELENA",1600004115,"TUN CHAN EUGENIO",.5,481.5,OI05,1,"MAIZ",1,"RIEGO","PROCAMPO TRADICIONAL",
31,"YUCATAN",180,"TICUL",1,"MUNA",66,"SANTA ELENA",359,"SANTA ELENA",1600004118,"TUN CHAN EUGENIO",1,963,OI05,1,"MAIZ",1,"RIEGO","PROCAMPO TRADICIONAL",
31,"YUCATAN",180,"TICUL",1,"MUNA",66,"SANTA ELENA",359,"SANTA ELENA",1600004136,"COLLI CACH FELIPE",1,963,OI05,1,"MAIZ",1,"RIEGO","PROCAMPO TRADICIONAL",
31,"YUCATAN",180,"TICUL",1,"MUNA",66,"SANTA ELENA",359,"SANTA ELENA",1600004142,"POOT  RODOLFO",.6,577.8,OI05,1,"MAIZ",1,"RIEGO","PROCAMPO TRADICIONAL",
31,"YUCATAN",180,"TICUL",1,"MUNA",66,"SANTA ELENA",359,"SANTA ELENA",1600004150,"MORENO MAGANA JOSE",.6,577.8,OI05,1,"MAIZ",1,"RIEGO","PROCAMPO TRADICIONAL",
31,"YUCATAN",180,"TICUL",1,"MUNA",66,"SANTA ELENA",359,"SANTA ELENA",1600004159,"KEB DIAZ CRESCENCIO",1.5,1444.5,OI05,1,"MAIZ",1,"RIEGO","PROCAMPO TRADICIONAL",
31,"YUCATAN",180,"TICUL",1,"MUNA",66,"SANTA ELENA",359,"SANTA ELENA",1600004223,"CABRERA COLLI MARIO",1,963,OI05,1,"MAIZ",1,"RIEGO","PROCAMPO TRADICIONAL",
31,"YUCATAN",180,"TICUL",1,"MUNA",66,"SANTA ELENA",359,"SANTA ELENA",1600004238,"MIAN MAY FELIX",.5,481.5,OI05,1,"MAIZ",1,"RIEGO","PROCAMPO TRADICIONAL",
31,"YUCATAN",180,"TICUL",1,"MUNA",66,"SANTA ELENA",359,"SANTA ELENA",1600004241,"MIAN MAY FELIX",1,963,OI05,1,"MAIZ",1,"RIEGO","PROCAMPO TRADICIONAL",
31,"YUCATAN",180,"TICUL",1,"MUNA",66,"SANTA ELENA",359,"SANTA ELENA",1600004261,"COLLI CACH EPIFANIO",1,963,OI05,1,"MAIZ",1,"RIEGO","PROCAMPO TRADICIONAL",
31,"YUCATAN",180,"TICUL",1,"MUNA",66,"SANTA ELENA",359,"SANTA ELENA",1600004278,"PUCH CHULIM FRANCISCO",2.1,2022.3,OI05,1,"MAIZ",2,"TEMPORAL","PROCAMPO TRADICIONAL",
31,"YUCATAN",180,"TICUL",4,"TZUCACAB",98,"TZUCACAB",620,"EL CORRAL",1600003835,"TEC CHI VICTOR MANUEL",.77,741.51,OI05,1,"MAIZ",1,"RIEGO","PROCAMPO TRADICIONAL",
31,"YUCATAN",180,"TICUL",4,"TZUCACAB",98,"TZUCACAB",620,"EL CORRAL",1600003851,"UC CAAMAL MAXIMILIANO",.77,741.51,OI05,1,"MAIZ",1,"RIEGO","PROCAMPO TRADICIONAL",
31,"YUCATAN",180,"TICUL",4,"TZUCACAB",98,"TZUCACAB",620,"EL CORRAL",1600003888,"UC CAAMAL ADRIANO",.77,741.51,OI05,1,"MAIZ",1,"RIEGO","PROCAMPO TRADICIONAL",
31,"YUCATAN",180,"TICUL",4,"TZUCACAB",98,"TZUCACAB",620,"EL CORRAL",1600003900,"ZAPATA  EVELIO",.77,741.51,OI05,1,"MAIZ",1,"RIEGO","PROCAMPO TRADICIONAL",
31,"YUCATAN",180,"TICUL",4,"TZUCACAB",98,"TZUCACAB",620,"EL CORRAL",1600003923,"UC CAAMAL JUSTO ENRIQUE",.77,741.51,OI05,1,"MAIZ",1,"RIEGO","PROCAMPO TRADICIONAL",
31,"YUCATAN",180,"TICUL",4,"TZUCACAB",98,"TZUCACAB",620,"EL CORRAL",1600003941,"ZAPATA PINO AURELIO",.77,741.51,OI05,1,"MAIZ",1,"RIEGO","PROCAMPO TRADICIONAL",
31,"YUCATAN",180,"TICUL",4,"TZUCACAB",98,"TZUCACAB",620,"EL CORRAL",1600003954,"UC Y CAAMAL ROMUALDO",.77,741.51,OI05,1,"MAIZ",1,"RIEGO","PROCAMPO TRADICIONAL",
31,"YUCATAN",180,"TICUL",4,"TZUCACAB",98,"TZUCACAB",620,"EL CORRAL",1600003970,"CANO QUIJANO ROBERTO",.77,741.51,OI05,1,"MAIZ",1,"RIEGO","PROCAMPO TRADICIONAL",
31,"YUCATAN",180,"TICUL",4,"TZUCACAB",98,"TZUCACAB",620,"EL CORRAL",1600003993,"CHI IUIT JOSE FELIPE PORFIRIO",.77,741.51,OI05,1,"MAIZ",1,"RIEGO","PROCAMPO TRADICIONAL",
31,"YUCATAN",180,"TICUL",4,"TZUCACAB",98,"TZUCACAB",620,"EL CORRAL",1600004007,"ARCEO ARANDA MIGUEL",.77,741.51,OI05,1,"MAIZ",1,"RIEGO","PROCAMPO TRADICIONAL",
31,"YUCATAN",180,"TICUL",4,"TZUCACAB",98,"TZUCACAB",620,"EL CORRAL",1600004027,"US CANTE CANSIANO PETRONILO",.77,741.51,OI05,1,"MAIZ",1,"RIEGO","PROCAMPO TRADICIONAL",
31,"YUCATAN",180,"TICUL",4,"TZUCACAB",98,"TZUCACAB",620,"EL CORRAL",1600004033,"UC CANCHE FELIPE",.77,741.51,OI05,1,"MAIZ",1,"RIEGO","PROCAMPO TRADICIONAL",
31,"YUCATAN",180,"TICUL",4,"TZUCACAB",98,"TZUCACAB",620,"EL CORRAL",1600004047,"LOPEZ ARCEO MANUEL",.77,741.51,OI05,1,"MAIZ",1,"RIEGO","PROCAMPO TRADICIONAL",
31,"YUCATAN",180,"TICUL",4,"TZUCACAB",98,"TZUCACAB",620,"EL CORRAL",1600004060,"UC CANCHE PABLO",.77,741.51,OI05,1,"MAIZ",1,"RIEGO","PROCAMPO TRADICIONAL",
31,"YUCATAN",180,"TICUL",4,"TZUCACAB",98,"TZUCACAB",620,"EL CORRAL",1600004072,"POOT UC TOMAS",.77,741.51,OI05,1,"MAIZ",1,"RIEGO","PROCAMPO TRADICIONAL",
31,"YUCATAN",180,"TICUL",4,"TZUCACAB",98,"TZUCACAB",620,"EL CORRAL",1600004087,"PREN BEE FIDELIO",.77,741.51,OI05,1,"MAIZ",1,"RIEGO","PROCAMPO TRADICIONAL",
31,"YUCATAN",180,"TICUL",4,"TZUCACAB",98,"TZUCACAB",620,"EL CORRAL",1600004109,"PAN KU ALBERTO",.77,741.51,OI05,1,"MAIZ",1,"RIEGO","PROCAMPO TRADICIONAL",
31,"YUCATAN",180,"TICUL",4,"TZUCACAB",98,"TZUCACAB",620,"EL CORRAL",1600004145,"UC DZUL FELIPE",.77,741.51,OI05,1,"MAIZ",1,"RIEGO","PROCAMPO TRADICIONAL",
31,"YUCATAN",180,"TICUL",4,"TZUCACAB",98,"TZUCACAB",620,"EL CORRAL",1600004157,"UC CASTILLO BERNARDINO",.77,741.51,OI05,1,"MAIZ",1,"RIEGO","PROCAMPO TRADICIONAL",
31,"YUCATAN",180,"TICUL",4,"TZUCACAB",98,"TZUCACAB",620,"EL CORRAL",1600004171,"CAAMAL GIL ARTURO",.77,741.51,OI05,1,"MAIZ",1,"RIEGO","PROCAMPO TRADICIONAL",
31,"YUCATAN",180,"TICUL",4,"TZUCACAB",98,"TZUCACAB",620,"EL CORRAL",1600004183,"UC CANTE CONCEPCION",.77,741.51,OI05,1,"MAIZ",1,"RIEGO","PROCAMPO TRADICIONAL",
31,"YUCATAN",180,"TICUL",4,"TZUCACAB",98,"TZUCACAB",620,"EL CORRAL",1600004197,"UC CANTE PEDRO PABLO",.77,741.51,OI05,1,"MAIZ",1,"RIEGO","PROCAMPO TRADICIONAL",
31,"YUCATAN",180,"TICUL",4,"TZUCACAB",98,"TZUCACAB",620,"EL CORRAL",1600004209,"UC CANTE JORGE CARLOS DE JESUS",.77,741.51,OI05,1,"MAIZ",1,"RIEGO","PROCAMPO TRADICIONAL",
31,"YUCATAN",180,"TICUL",4,"TZUCACAB",98,"TZUCACAB",620,"EL CORRAL",1600004221,"MUKUL UC BRUNO",.77,741.51,OI05,1,"MAIZ",1,"RIEGO","PROCAMPO TRADICIONAL",
31,"YUCATAN",180,"TICUL",4,"TZUCACAB",98,"TZUCACAB",620,"EL CORRAL",1600004236,"UC DZUL ARCENIO",.77,741.51,OI05,1,"MAIZ",1,"RIEGO","PROCAMPO TRADICIONAL",
31,"YUCATAN",180,"TICUL",2,"OXKUTZCAB",89,"TICUL",502,"TICUL",3721471,"CAN Y BE MARIA ROSALIA",.5,481.5,OI05,1,"MAIZ",1,"RIEGO","PROCAMPO TRADICIONAL",
31,"YUCATAN",180,"TICUL",2,"OXKUTZCAB",89,"TICUL",502,"TICUL",3721473,"UICAB CHAN FLORENTINO",.5,481.5,OI05,1,"MAIZ",1,"RIEGO","PROCAMPO TRADICIONAL",
31,"YUCATAN",180,"TICUL",2,"OXKUTZCAB",89,"TICUL",502,"TICUL",160000438,"YAH MAY EFRAIN ISABEL",3,2889,OI05,1,"MAIZ",1,"RIEGO","PROCAMPO TRADICIONAL",
31,"YUCATAN",180,"TICUL",2,"OXKUTZCAB",89,"TICUL",502,"TICUL",1600002481,"SANTOS Y CHAN RUTILIO",1.5,1444.5,OI05,1,"MAIZ",1,"RIEGO","PROCAMPO TRADICIONAL",
31,"YUCATAN",180,"TICUL",1,"MUNA",66,"SANTA ELENA",359,"SANTA ELENA",1600004292,"CAAMAL  JACINTO",1,963,OI05,1,"MAIZ",1,"RIEGO","PROCAMPO TRADICIONAL",
31,"YUCATAN",180,"TICUL",1,"MUNA",66,"SANTA ELENA",359,"SANTA ELENA",1600004303,"COLLI CACH MANUEL",.5,481.5,OI05,1,"MAIZ",1,"RIEGO","PROCAMPO TRADICIONAL",
31,"YUCATAN",180,"TICUL",1,"MUNA",66,"SANTA ELENA",359,"SANTA ELENA",1600004330,"BALAM CHE EDELMIRO",1,963,OI05,1,"MAIZ",1,"RIEGO","PROCAMPO TRADICIONAL",
31,"YUCATAN",180,"TICUL",1,"MUNA",66,"SANTA ELENA",359,"SANTA ELENA",1600004465,"DOMINGUEZ MAGANA JAVIER",1,963,OI05,1,"MAIZ",2,"TEMPORAL","PROCAMPO TRADICIONAL",
31,"YUCATAN",180,"TICUL",1,"MUNA",66,"SANTA ELENA",359,"SANTA ELENA",1600106833,"MIAN HUCHIN ROMANA",1,963,OI05,1,"MAIZ",1,"RIEGO","PROCAMPO TRADICIONAL",
31,"YUCATAN",180,"TICUL",1,"MUNA",66,"SANTA ELENA",359,"SANTA ELENA",1600209428,"MECETA DZIB MARIO",1,963,OI05,1,"MAIZ",1,"RIEGO","PROCAMPO TRADICIONAL",
31,"YUCATAN",180,"TICUL",1,"MUNA",66,"SANTA ELENA",359,"SANTA ELENA",1600304223,"CHUIL POOT PRUDENCIANA",.5,481.5,OI05,1,"MAIZ",1,"RIEGO","PROCAMPO TRADICIONAL",
31,"YUCATAN",180,"TICUL",1,"MUNA",66,"SANTA ELENA",359,"SANTA ELENA",1600306445,"CHE COLLI PERFECTO",.5,481.5,OI05,1,"MAIZ",1,"RIEGO","PROCAMPO TRADICIONAL",
31,"YUCATAN",180,"TICUL",1,"MUNA",66,"SANTA ELENA",359,"SANTA ELENA",1600306447,"CHE COLLI PERFECTO",2,1926,OI05,1,"MAIZ",1,"RIEGO","PROCAMPO TRADICIONAL",
31,"YUCATAN",180,"TICUL",1,"MUNA",66,"SANTA ELENA",359,"SANTA ELENA",1600306449,"BALAM ESPINOSA ROBERTO",.5,481.5,OI05,1,"MAIZ",1,"RIEGO","PROCAMPO TRADICIONAL",
31,"YUCATAN",180,"TICUL",1,"MUNA",66,"SANTA ELENA",359,"SANTA ELENA",1600306451,"BALAM ESPINOSA ROBERTO",.5,481.5,OI05,1,"MAIZ",1,"RIEGO","PROCAMPO TRADICIONAL",
31,"YUCATAN",180,"TICUL",1,"MUNA",66,"SANTA ELENA",359,"SANTA ELENA",1600463213,"CHULIN CAMARA MAXIMILIANA",1,963,OI05,1,"MAIZ",1,"RIEGO","PROCAMPO TRADICIONAL",
31,"YUCATAN",180,"TICUL",1,"MUNA",66,"SANTA ELENA",359,"SANTA ELENA",1600585065,"KAUIL  EMILIA",1,963,OI05,1,"MAIZ",1,"RIEGO","PROCAMPO TRADICIONAL",
31,"YUCATAN",180,"TICUL",1,"MUNA",66,"SANTA ELENA",359,"SANTA ELENA",1600585095,"BONILLA CASTILLO WILBERT ASAEL",.8,770.4,OI05,1,"MAIZ",1,"RIEGO","PROCAMPO TRADICIONAL",
31,"YUCATAN",180,"TICUL",1,"MUNA",66,"SANTA ELENA",359,"SANTA ELENA",1600585113,"PAN HUCHIN JAIME DE JESUS",1,963,OI05,1,"MAIZ",1,"RIEGO","PROCAMPO TRADICIONAL",
31,"YUCATAN",180,"TICUL",1,"MUNA",66,"SANTA ELENA",359,"SANTA ELENA",1600585147,"PACHECO  MEREGILDA",1,963,OI05,1,"MAIZ",1,"RIEGO","PROCAMPO TRADICIONAL",
31,"YUCATAN",180,"TICUL",1,"MUNA",66,"SANTA ELENA",359,"SANTA ELENA",1601764471,"UC  MARIA ISABEL",1,963,OI05,1,"MAIZ",1,"RIEGO","PROCAMPO TRADICIONAL",
31,"YUCATAN",180,"TICUL",1,"MUNA",66,"SANTA ELENA",359,"SANTA ELENA",1601903181,"CETINA CAUICH MARIA REBECA",1,963,OI05,1,"MAIZ",1,"RIEGO","PROCAMPO TRADICIONAL",
31,"YUCATAN",180,"TICUL",1,"MUNA",66,"SANTA ELENA",359,"SANTA ELENA",1601985153,"CACH KU JORGE ANTONIO",.5,481.5,OI05,1,"MAIZ",1,"RIEGO","PROCAMPO TRADICIONAL",
31,"YUCATAN",180,"TICUL",1,"MUNA",66,"SANTA ELENA",359,"SANTA ELENA",1601985175,"CHUC ITZA ROGER ARMANDO",.5,481.5,OI05,1,"MAIZ",1,"RIEGO","PROCAMPO TRADICIONAL",
31,"YUCATAN",180,"TICUL",1,"MUNA",66,"SANTA ELENA",359,"SANTA ELENA",1602038249,"MAAS TUN MARIA LUCILMA",1,963,OI05,1,"MAIZ",1,"RIEGO","PROCAMPO TRADICIONAL",
31,"YUCATAN",180,"TICUL",3,"TEKAX",79,"TEKAX",411,"CHAN DZITNUP",3344052,"COLLI CHAVEZ LUIS ENRIQUE",.5,481.5,OI05,2,"FRIJOL",2,"TEMPORAL","PROCAMPO TRADICIONAL",
31,"YUCATAN",180,"TICUL",1,"MUNA",53,"MUNA",290,"MUNA",1600003833,"CALAM ORDONEZ GONZALO",.5,481.5,OI05,1,"MAIZ",1,"RIEGO","PROCAMPO TRADICIONAL",
31,"YUCATAN",180,"TICUL",1,"MUNA",53,"MUNA",290,"MUNA",1600003837,"KU DELGADO PEDRO",4,3852,OI05,1,"MAIZ",1,"RIEGO","PROCAMPO TRADICIONAL",
31,"YUCATAN",180,"TICUL",1,"MUNA",53,"MUNA",290,"MUNA",1600003839,"PANTOJA ARANA ADOLFO",3,2889,OI05,1,"MAIZ",1,"RIEGO","PROCAMPO TRADICIONAL",
31,"YUCATAN",180,"TICUL",1,"MUNA",53,"MUNA",290,"MUNA",1600003841,"PECH CHAVEZ ANTONIO",4,3852,OI05,1,"MAIZ",1,"RIEGO","PROCAMPO TRADICIONAL",
31,"YUCATAN",180,"TICUL",1,"MUNA",53,"MUNA",290,"MUNA",1600003843,"CALAM ORDONEZ GONZALO",1.5,1444.5,OI05,1,"MAIZ",1,"RIEGO","PROCAMPO TRADICIONAL",
31,"YUCATAN",180,"TICUL",1,"MUNA",53,"MUNA",290,"MUNA",1600003862,"CASANOVA HERRERA PEDRO",1.5,1444.5,OI05,1,"MAIZ",1,"RIEGO","PROCAMPO TRADICIONAL",
31,"YUCATAN",180,"TICUL",1,"MUNA",53,"MUNA",290,"MUNA",1600003868,"CHAY MARTIN FERNANDO",1,963,OI05,1,"MAIZ",1,"RIEGO","PROCAMPO TRADICIONAL",
31,"YUCATAN",180,"TICUL",1,"MUNA",53,"MUNA",290,"MUNA",1600003875,"ARANA SAN MIGUEL EULALIO",3,2889,OI05,1,"MAIZ",1,"RIEGO","PROCAMPO TRADICIONAL",
31,"YUCATAN",180,"TICUL",1,"MUNA",53,"MUNA",290,"MUNA",1600003877,"HERRERA COCOM AUDOMARO",1,963,OI05,1,"MAIZ",1,"RIEGO","PROCAMPO TRADICIONAL",
31,"YUCATAN",180,"TICUL",1,"MUNA",53,"MUNA",290,"MUNA",1600003879,"MOLINA DZUL GASPAR",1,963,OI05,1,"MAIZ",1,"RIEGO","PROCAMPO TRADICIONAL",
31,"YUCATAN",180,"TICUL",1,"MUNA",53,"MUNA",290,"MUNA",1600003881,"TUYUB ACERETO WILFRIDO",1,963,OI05,1,"MAIZ",1,"RIEGO","PROCAMPO TRADICIONAL",
31,"YUCATAN",180,"TICUL",1,"MUNA",53,"MUNA",290,"MUNA",1600003892,"TOLOSA CASANOVA EDUARDO ASUNCION",2,1926,OI05,1,"MAIZ",1,"RIEGO","PROCAMPO TRADICIONAL",
31,"YUCATAN",180,"TICUL",1,"MUNA",53,"MUNA",290,"MUNA",1600003902,"CENTENO KEB ARTURO",.5,481.5,OI05,1,"MAIZ",1,"RIEGO","PROCAMPO TRADICIONAL",
31,"YUCATAN",180,"TICUL",1,"MUNA",53,"MUNA",290,"MUNA",1600003904,"MIS KU WILLIAM",2,1926,OI05,1,"MAIZ",2,"TEMPORAL","PROCAMPO TRADICIONAL",
31,"YUCATAN",180,"TICUL",1,"MUNA",53,"MUNA",290,"MUNA",1600003906,"NARVAEZ CASANOVA ALFREDO",1,963,OI05,1,"MAIZ",2,"TEMPORAL","PROCAMPO TRADICIONAL",
31,"YUCATAN",180,"TICUL",1,"MUNA",53,"MUNA",290,"MUNA",1600003912,"FARFAN TUYUB WILLIAM GASPAR",1,963,OI05,1,"MAIZ",1,"RIEGO","PROCAMPO TRADICIONAL",
31,"YUCATAN",180,"TICUL",1,"MUNA",53,"MUNA",290,"MUNA",1600003914,"PORRAS CASANOVA ARMANDO",2,1926,OI05,220,"NARANJA",1,"RIEGO","PROCAMPO TRADICIONAL",
31,"YUCATAN",180,"TICUL",1,"MUNA",53,"MUNA",290,"MUNA",1600003916,"CAUICH MUKUL FIDELIO",1.8,1733.4,OI05,1,"MAIZ",1,"RIEGO","PROCAMPO TRADICIONAL",
31,"YUCATAN",180,"TICUL",1,"MUNA",53,"MUNA",290,"MUNA",1600003920,"NARVAEZ CASANOVA ALFREDO",1,963,OI05,1,"MAIZ",1,"RIEGO","PROCAMPO TRADICIONAL",
31,"YUCATAN",180,"TICUL",1,"MUNA",53,"MUNA",290,"MUNA",1600003925,"LIZARRAGA FARFAN PEDRO",1.5,1444.5,OI05,220,"NARANJA",1,"RIEGO","PROCAMPO TRADICIONAL",
31,"YUCATAN",180,"TICUL",1,"MUNA",53,"MUNA",290,"MUNA",1600003927,"HERRERA MEX JUAN",1,963,OI05,1,"MAIZ",1,"RIEGO","PROCAMPO TRADICIONAL",
31,"YUCATAN",180,"TICUL",1,"MUNA",53,"MUNA",290,"MUNA",1600003943,"AC YAM ERIBERTO",1,963,OI05,1,"MAIZ",1,"RIEGO","PROCAMPO TRADICIONAL",
31,"YUCATAN",180,"TICUL",1,"MUNA",53,"MUNA",290,"MUNA",1600003947,"CALAM FARFAN PEDRO RICARDO",2,1926,OI05,220,"NARANJA",2,"TEMPORAL","PROCAMPO TRADICIONAL",
31,"YUCATAN",180,"TICUL",1,"MUNA",53,"MUNA",290,"MUNA",1600003949,"MENDEZ GALLEGOS VALENTE",2,1926,OI05,1,"MAIZ",1,"RIEGO","PROCAMPO TRADICIONAL",
31,"YUCATAN",180,"TICUL",1,"MUNA",53,"MUNA",290,"MUNA",1600003951,"MARTIN BONILLA JESUS",1,963,OI05,1,"MAIZ",1,"RIEGO","PROCAMPO TRADICIONAL",
31,"YUCATAN",180,"TICUL",1,"MUNA",53,"MUNA",290,"MUNA",1600003956,"PANTOJA CHAN MALAQUIAS",1,963,OI05,220,"NARANJA",1,"RIEGO","PROCAMPO TRADICIONAL",
31,"YUCATAN",180,"TICUL",1,"MUNA",53,"MUNA",290,"MUNA",1600003958,"ORDONEZ POOL EVARISTO",3,2889,OI05,1,"MAIZ",1,"RIEGO","PROCAMPO TRADICIONAL",
31,"YUCATAN",180,"TICUL",1,"MUNA",53,"MUNA",290,"MUNA",1600003964,"MARTIN BONILLA JESUS",1,963,OI05,1,"MAIZ",1,"RIEGO","PROCAMPO TRADICIONAL",
31,"YUCATAN",180,"TICUL",1,"MUNA",53,"MUNA",290,"MUNA",1600003966,"GUILLEN PACAB ASISCLO",1,963,OI05,1,"MAIZ",1,"RIEGO","PROCAMPO TRADICIONAL",
31,"YUCATAN",180,"TICUL",1,"MUNA",53,"MUNA",290,"MUNA",1600003968,"BAAS  EDUARDO",2,1926,OI05,1,"MAIZ",1,"RIEGO","PROCAMPO TRADICIONAL",
31,"YUCATAN",180,"TICUL",1,"MUNA",53,"MUNA",290,"MUNA",1600003972,"CEH KEB FILADELFO",1,963,OI05,1,"MAIZ",1,"RIEGO","PROCAMPO TRADICIONAL",
31,"YUCATAN",180,"TICUL",1,"MUNA",53,"MUNA",290,"MUNA",1600003976,"CHAN HUACAL ADALBERTO",1,963,OI05,1,"MAIZ",1,"RIEGO","PROCAMPO TRADICIONAL",
31,"YUCATAN",180,"TICUL",1,"MUNA",53,"MUNA",290,"MUNA",1600002131,"GONZALEZ CANUL FRANCISCO",.5,481.5,OI05,1,"MAIZ",1,"RIEGO","PROCAMPO TRADICIONAL",
31,"YUCATAN",180,"TICUL",1,"MUNA",53,"MUNA",290,"MUNA",1600002143,"CHAY MEX GASPAR",2.5,2407.5,OI05,1,"MAIZ",2,"TEMPORAL","PROCAMPO TRADICIONAL",
31,"YUCATAN",180,"TICUL",1,"MUNA",53,"MUNA",290,"MUNA",1600002189,"LARA PANTOJA JORGE ARMANDO",1.5,1444.5,OI05,1,"MAIZ",1,"RIEGO","PROCAMPO TRADICIONAL",
31,"YUCATAN",180,"TICUL",1,"MUNA",53,"MUNA",290,"MUNA",1600002391,"MARTIN RAMOS FERMIN",2,1926,OI05,1,"MAIZ",1,"RIEGO","PROCAMPO TRADICIONAL",
31,"YUCATAN",180,"TICUL",1,"MUNA",53,"MUNA",290,"MUNA",1600002435,"CHAY MEX HERIBERTO",3,2889,OI05,1,"MAIZ",1,"RIEGO","PROCAMPO TRADICIONAL",
31,"YUCATAN",180,"TICUL",1,"MUNA",53,"MUNA",290,"MUNA",1600003596,"MARTIN SANCHEZ FRANCISCO",1.5,1444.5,OI05,1,"MAIZ",1,"RIEGO","PROCAMPO TRADICIONAL",
31,"YUCATAN",180,"TICUL",1,"MUNA",53,"MUNA",290,"MUNA",1600003605,"DZIB ECHEVERRIA ROBERTO",1,963,OI05,1,"MAIZ",1,"RIEGO","PROCAMPO TRADICIONAL",
31,"YUCATAN",180,"TICUL",1,"MUNA",53,"MUNA",290,"MUNA",1600003609,"LARA CHIM BUENAVENTURA",3.5,3370.5,OI05,1,"MAIZ",1,"RIEGO","PROCAMPO TRADICIONAL",
31,"YUCATAN",180,"TICUL",1,"MUNA",53,"MUNA",290,"MUNA",1600003611,"TOLOSA CASANOVA FRANCISCO GABRIEL",1,963,OI05,1,"MAIZ",2,"TEMPORAL","PROCAMPO TRADICIONAL",
31,"YUCATAN",180,"TICUL",1,"MUNA",53,"MUNA",290,"MUNA",1600003613,"DZIB PACHECO LUIS",3.8,3659.4,OI05,1,"MAIZ",1,"RIEGO","PROCAMPO TRADICIONAL",
31,"YUCATAN",180,"TICUL",1,"MUNA",53,"MUNA",290,"MUNA",1600003615,"MARTIN SANCHEZ FRANCISCO",2,1926,OI05,1,"MAIZ",1,"RIEGO","PROCAMPO TRADICIONAL",
31,"YUCATAN",180,"TICUL",1,"MUNA",53,"MUNA",290,"MUNA",1600003617,"MEX PANTOJA RICARDO",2,1926,OI05,1,"MAIZ",2,"TEMPORAL","PROCAMPO TRADICIONAL",
31,"YUCATAN",180,"TICUL",1,"MUNA",53,"MUNA",290,"MUNA",1600003619,"GONGORA GONGORA ROBERTO",1.5,1444.5,OI05,1,"MAIZ",1,"RIEGO","PROCAMPO TRADICIONAL",
31,"YUCATAN",180,"TICUL",1,"MUNA",53,"MUNA",290,"MUNA",1600003624,"TOLOSA CASANOVA FRANCISCO GABRIEL",1,963,OI05,1,"MAIZ",2,"TEMPORAL","PROCAMPO TRADICIONAL",
31,"YUCATAN",180,"TICUL",1,"MUNA",53,"MUNA",290,"MUNA",1600003626,"OROZCO CHAN JOSE ALONZO",2.5,2407.5,OI05,1,"MAIZ",2,"TEMPORAL","PROCAMPO TRADICIONAL",
31,"YUCATAN",180,"TICUL",1,"MUNA",53,"MUNA",290,"MUNA",1600003628,"GERONIMO MARTIN ARTURO",1,963,OI05,220,"NARANJA",1,"RIEGO","PROCAMPO TRADICIONAL",
31,"YUCATAN",180,"TICUL",1,"MUNA",53,"MUNA",290,"MUNA",1600003632,"NEGRON LOPEZ NICOLAS",.6,577.8,OI05,1,"MAIZ",1,"RIEGO","PROCAMPO TRADICIONAL",
31,"YUCATAN",180,"TICUL",1,"MUNA",53,"MUNA",290,"MUNA",1600003634,"FARFAN PEREZ ANASTACIO",3,2889,OI05,1,"MAIZ",1,"RIEGO","PROCAMPO TRADICIONAL",
31,"YUCATAN",180,"TICUL",1,"MUNA",53,"MUNA",290,"MUNA",1600003636,"NABTE DOMINGUEZ ERMILO",1,963,OI05,1,"MAIZ",1,"RIEGO","PROCAMPO TRADICIONAL",
31,"YUCATAN",180,"TICUL",1,"MUNA",53,"MUNA",290,"MUNA",1600003640,"LARA BONILLA RICARDO",1.5,1444.5,OI05,1,"MAIZ",1,"RIEGO","PROCAMPO TRADICIONAL",
31,"YUCATAN",180,"TICUL",1,"MUNA",53,"MUNA",290,"MUNA",1600003642,"BARBOSA CAAMAL ALEJANDRO",2,1926,OI05,1,"MAIZ",1,"RIEGO","PROCAMPO TRADICIONAL",
31,"YUCATAN",180,"TICUL",1,"MUNA",53,"MUNA",290,"MUNA",1600003644,"CACH  JUAN DE DIOS",1,963,OI05,1,"MAIZ",2,"TEMPORAL","PROCAMPO TRADICIONAL",
31,"YUCATAN",180,"TICUL",1,"MUNA",53,"MUNA",290,"MUNA",1600003648,"CETZ TUT MARCELINO",2,1926,OI05,1,"MAIZ",1,"RIEGO","PROCAMPO TRADICIONAL",
31,"YUCATAN",180,"TICUL",1,"MUNA",53,"MUNA",290,"MUNA",1600003650,"NARVAEZ CANCINO MANUEL JESUS",1.5,1444.5,OI05,1,"MAIZ",1,"RIEGO","PROCAMPO TRADICIONAL",
31,"YUCATAN",180,"TICUL",1,"MUNA",53,"MUNA",290,"MUNA",1600003652,"DOMINGUEZ SALAZAR RAUL HUMBERTO",1,963,OI05,1,"MAIZ",1,"RIEGO","PROCAMPO TRADICIONAL",
31,"YUCATAN",180,"TICUL",1,"MUNA",53,"MUNA",290,"MUNA",1600003654,"FARFAN CHALE CANDELARIO",1,963,OI05,1,"MAIZ",1,"RIEGO","PROCAMPO TRADICIONAL",
31,"YUCATAN",180,"TICUL",1,"MUNA",53,"MUNA",290,"MUNA",1600003668,"NARVAEZ DIAZ CARLOS ALBERTO",2,1926,OI05,1,"MAIZ",1,"RIEGO","PROCAMPO TRADICIONAL",
31,"YUCATAN",180,"TICUL",1,"MUNA",53,"MUNA",290,"MUNA",1600003669,"NARVAEZ DOMINGUEZ JUAN BAUTISTA",3,2889,OI05,1,"MAIZ",1,"RIEGO","PROCAMPO TRADICIONAL",
31,"YUCATAN",180,"TICUL",1,"MUNA",53,"MUNA",290,"MUNA",1600003674,"NARVAEZ CASANOVA ROGELIO",3,2889,OI05,1,"MAIZ",1,"RIEGO","PROCAMPO TRADICIONAL",
31,"YUCATAN",180,"TICUL",1,"MUNA",53,"MUNA",290,"MUNA",1600003676,"BALAM BAAK SANTIAGO",2,1926,OI05,220,"NARANJA",1,"RIEGO","PROCAMPO TRADICIONAL",
31,"YUCATAN",180,"TICUL",1,"MUNA",53,"MUNA",290,"MUNA",1600003685,"HUACAL BALAM FELICIANO",1,963,OI05,220,"NARANJA",1,"RIEGO","PROCAMPO TRADICIONAL",
31,"YUCATAN",180,"TICUL",1,"MUNA",53,"MUNA",290,"MUNA",1600003691,"MOO CHAN RENE ALONSO",1,963,OI05,220,"NARANJA",1,"RIEGO","PROCAMPO TRADICIONAL",
31,"YUCATAN",180,"TICUL",1,"MUNA",53,"MUNA",290,"MUNA",1600003978,"MARTIN BONILLA JESUS",1,963,OI05,1,"MAIZ",1,"RIEGO","PROCAMPO TRADICIONAL",
31,"YUCATAN",180,"TICUL",1,"MUNA",53,"MUNA",290,"MUNA",1600003988,"PANTOJA TE NATANAEL",2,1926,OI05,1,"MAIZ",1,"RIEGO","PROCAMPO TRADICIONAL",
31,"YUCATAN",180,"TICUL",1,"MUNA",53,"MUNA",290,"MUNA",1600003990,"PANTOJA MUGARTE FLORENCIO",3.5,3370.5,OI05,1,"MAIZ",2,"TEMPORAL","PROCAMPO TRADICIONAL",
31,"YUCATAN",180,"TICUL",1,"MUNA",53,"MUNA",290,"MUNA",1600003999,"PUC COLLI RAFAEL",1.5,1444.5,OI05,1,"MAIZ",1,"RIEGO","PROCAMPO TRADICIONAL",
31,"YUCATAN",180,"TICUL",1,"MUNA",53,"MUNA",290,"MUNA",1600004001,"PINZON REDONDO RICARDO",.6,577.8,OI05,1,"MAIZ",1,"RIEGO","PROCAMPO TRADICIONAL",
31,"YUCATAN",180,"TICUL",1,"MUNA",53,"MUNA",290,"MUNA",1600004011,"COUOH REDONDO SILVERIO",2,1926,OI05,1,"MAIZ",1,"RIEGO","PROCAMPO TRADICIONAL",
31,"YUCATAN",180,"TICUL",1,"MUNA",53,"MUNA",290,"MUNA",1600004013,"CENTENO KEB ARMANDO",2,1926,OI05,220,"NARANJA",1,"RIEGO","PROCAMPO TRADICIONAL",
31,"YUCATAN",180,"TICUL",1,"MUNA",53,"MUNA",290,"MUNA",1600004017,"BALAM SIMA BALTAZAR",2.5,2407.5,OI05,1,"MAIZ",1,"RIEGO","PROCAMPO TRADICIONAL",
31,"YUCATAN",180,"TICUL",1,"MUNA",53,"MUNA",290,"MUNA",1600004021,"DOMINGUEZ COUOH MARCELO",3,2889,OI05,1,"MAIZ",1,"RIEGO","PROCAMPO TRADICIONAL",
31,"YUCATAN",180,"TICUL",1,"MUNA",53,"MUNA",290,"MUNA",1600004023,"BURGOS COUOH WILLEBALDO",1,963,OI05,1,"MAIZ",1,"RIEGO","PROCAMPO TRADICIONAL",
31,"YUCATAN",180,"TICUL",1,"MUNA",53,"MUNA",290,"MUNA",1600004035,"DOMINGUEZ MOO FERMIN",1,963,OI05,1,"MAIZ",1,"RIEGO","PROCAMPO TRADICIONAL",
31,"YUCATAN",180,"TICUL",1,"MUNA",53,"MUNA",290,"MUNA",1600004037,"EUAN BALAM JOSE ARTURO",2,1926,OI05,1,"MAIZ",1,"RIEGO","PROCAMPO TRADICIONAL",
31,"YUCATAN",180,"TICUL",1,"MUNA",53,"MUNA",290,"MUNA",1600004039,"OLIVARES GONGORA MANUEL JESUS",1,963,OI05,220,"NARANJA",1,"RIEGO","PROCAMPO TRADICIONAL",
31,"YUCATAN",180,"TICUL",1,"MUNA",53,"MUNA",290,"MUNA",1600004041,"CABRERA COHUO JOSE OLEGARIO",1,963,OI05,1,"MAIZ",1,"RIEGO","PROCAMPO TRADICIONAL",
31,"YUCATAN",180,"TICUL",1,"MUNA",53,"MUNA",290,"MUNA",1600004045,"VARGUEZ CAUICH FLORENTINO",1,963,OI05,1,"MAIZ",1,"RIEGO","PROCAMPO TRADICIONAL",
31,"YUCATAN",180,"TICUL",1,"MUNA",53,"MUNA",290,"MUNA",1600004049,"EUAN CANCHE MOISES",2,1926,OI05,1,"MAIZ",1,"RIEGO","PROCAMPO TRADICIONAL",
31,"YUCATAN",180,"TICUL",1,"MUNA",53,"MUNA",290,"MUNA",1600004051,"MAGANA CHAN WILLIAM",2,1926,OI05,1,"MAIZ",1,"RIEGO","PROCAMPO TRADICIONAL",
31,"YUCATAN",180,"TICUL",1,"MUNA",53,"MUNA",290,"MUNA",1600004053,"PACHECO  JORGE ARELI",1,963,OI05,1,"MAIZ",1,"RIEGO","PROCAMPO TRADICIONAL",
31,"YUCATAN",180,"TICUL",1,"MUNA",53,"MUNA",290,"MUNA",1600004074,"PISTE LOPEZ ADALBERTO",1,963,OI05,1,"MAIZ",1,"RIEGO","PROCAMPO TRADICIONAL",
31,"YUCATAN",180,"TICUL",1,"MUNA",53,"MUNA",290,"MUNA",1600004083,"NEGRON LOPEZ ROGER SILVESTRE",.5,481.5,OI05,1,"MAIZ",1,"RIEGO","PROCAMPO TRADICIONAL",
31,"YUCATAN",180,"TICUL",1,"MUNA",53,"MUNA",290,"MUNA",1600004089,"SOBERANIS MAY JUAN BAUTISTA",1,963,OI05,220,"NARANJA",1,"RIEGO","PROCAMPO TRADICIONAL",
31,"YUCATAN",180,"TICUL",1,"MUNA",53,"MUNA",290,"MUNA",1600004097,"NEGRON LOPEZ ROGER SILVESTRE",2,1926,OI05,1,"MAIZ",1,"RIEGO","PROCAMPO TRADICIONAL",
31,"YUCATAN",180,"TICUL",1,"MUNA",53,"MUNA",290,"MUNA",1600004103,"HUCHIM CASANOVA JORGE ALBERTO",1,963,OI05,1,"MAIZ",1,"RIEGO","PROCAMPO TRADICIONAL",
31,"YUCATAN",180,"TICUL",1,"MUNA",53,"MUNA",290,"MUNA",1600004104,"LOPEZ NABTE ELEAZAR",1,963,OI05,1,"MAIZ",1,"RIEGO","PROCAMPO TRADICIONAL",
31,"YUCATAN",180,"TICUL",1,"MUNA",53,"MUNA",290,"MUNA",1600004106,"MAGANA CHAN WILLIAM",3,2889,OI05,1,"MAIZ",1,"RIEGO","PROCAMPO TRADICIONAL",
31,"YUCATAN",180,"TICUL",1,"MUNA",53,"MUNA",290,"MUNA",1600004113,"COLLI KU EUFRACIO",1,963,OI05,1,"MAIZ",1,"RIEGO","PROCAMPO TRADICIONAL",
31,"YUCATAN",180,"TICUL",1,"MUNA",53,"MUNA",290,"MUNA",1600004121,"TOLOSA CASANOVA HERMENEGILDO",1,963,OI05,220,"NARANJA",1,"RIEGO","PROCAMPO TRADICIONAL",
31,"YUCATAN",180,"TICUL",1,"MUNA",53,"MUNA",290,"MUNA",1600004124,"FARFAN COUOH MAXIMILIANO",1,963,OI05,1,"MAIZ",1,"RIEGO","PROCAMPO TRADICIONAL",
31,"YUCATAN",180,"TICUL",1,"MUNA",53,"MUNA",290,"MUNA",1600004133,"HUCHIM CASANOVA CARLOS MANUEL",2,1926,OI05,1,"MAIZ",1,"RIEGO","PROCAMPO TRADICIONAL",
31,"YUCATAN",180,"TICUL",1,"MUNA",53,"MUNA",290,"MUNA",1600004134,"MUGARTE TUYUB JOSE FRANCISCO",2,1926,OI05,1,"MAIZ",1,"RIEGO","PROCAMPO TRADICIONAL",
31,"YUCATAN",180,"TICUL",1,"MUNA",53,"MUNA",290,"MUNA",1600004139,"SAN MIGUEL BALAM VICTOR MANUEL",1,963,OI05,220,"NARANJA",1,"RIEGO","PROCAMPO TRADICIONAL",
31,"YUCATAN",180,"TICUL",1,"MUNA",53,"MUNA",290,"MUNA",1600004147,"DOMINGUEZ LOPEZ NICOLAS",1,963,OI05,1,"MAIZ",1,"RIEGO","PROCAMPO TRADICIONAL",
31,"YUCATAN",180,"TICUL",4,"TZUCACAB",98,"TZUCACAB",620,"EL CORRAL",1600004246,"MUKUL BE JUSTINO",.77,741.51,OI05,1,"MAIZ",1,"RIEGO","PROCAMPO TRADICIONAL",
31,"YUCATAN",180,"TICUL",4,"TZUCACAB",98,"TZUCACAB",620,"EL CORRAL",1600004257,"UC CASTILLO LUIS ALBERTO",.77,741.51,OI05,1,"MAIZ",1,"RIEGO","PROCAMPO TRADICIONAL",
31,"YUCATAN",180,"TICUL",4,"TZUCACAB",98,"TZUCACAB",620,"EL CORRAL",1600868355,"ZAPATA CARRILLO MARIA DOROTEA",.77,741.51,OI05,1,"MAIZ",1,"RIEGO","PROCAMPO TRADICIONAL",
31,"YUCATAN",180,"TICUL",4,"TZUCACAB",98,"TZUCACAB",620,"EL CORRAL",1601441332,"UC QUINTERO JUANA FRANCISCA",.77,741.51,OI05,1,"MAIZ",1,"RIEGO","PROCAMPO TRADICIONAL",
31,"YUCATAN",180,"TICUL",4,"TZUCACAB",98,"TZUCACAB",620,"EL CORRAL",1601800158,"ZAPATA POOT GILMER RAUL",.77,741.51,OI05,1,"MAIZ",2,"TEMPORAL","PROCAMPO TRADICIONAL",
31,"YUCATAN",180,"TICUL",1,"MUNA",53,"MUNA",290,"MUNA",3319385,"HUCHIM QUINTAL ALFREDO",1,963,OI05,1,"MAIZ",1,"RIEGO","PROCAMPO TRADICIONAL",
31,"YUCATAN",180,"TICUL",1,"MUNA",53,"MUNA",290,"MUNA",3319386,"IUIT LOPEZ ARCADIO",2,1926,OI05,1,"MAIZ",1,"RIEGO","PROCAMPO TRADICIONAL",
31,"YUCATAN",180,"TICUL",1,"MUNA",53,"MUNA",290,"MUNA",3319387,"CHI MOO ALBINO",2.5,2407.5,OI05,1,"MAIZ",1,"RIEGO","PROCAMPO TRADICIONAL",
31,"YUCATAN",180,"TICUL",1,"MUNA",53,"MUNA",290,"MUNA",3319389,"SIMA BALAM PEDRO",1,963,OI05,1,"MAIZ",1,"RIEGO","PROCAMPO TRADICIONAL",
31,"YUCATAN",180,"TICUL",1,"MUNA",53,"MUNA",290,"MUNA",3319392,"KU ORTIZ JOSE LUIS ANTONIO",1,963,OI05,1,"MAIZ",1,"RIEGO","PROCAMPO TRADICIONAL",
31,"YUCATAN",180,"TICUL",1,"MUNA",53,"MUNA",290,"MUNA",3319393,"BAAS KU FERNANDO",1,963,OI05,1,"MAIZ",1,"RIEGO","PROCAMPO TRADICIONAL",
31,"YUCATAN",180,"TICUL",1,"MUNA",53,"MUNA",290,"MUNA",3319395,"KU ORTIZ DANIEL",1,963,OI05,1,"MAIZ",2,"TEMPORAL","PROCAMPO TRADICIONAL",
31,"YUCATAN",180,"TICUL",1,"MUNA",53,"MUNA",290,"MUNA",3319413,"BARBOSA MUGARTE SILVERIO",2,1926,OI05,1,"MAIZ",1,"RIEGO","PROCAMPO TRADICIONAL",
31,"YUCATAN",180,"TICUL",1,"MUNA",53,"MUNA",290,"MUNA",3319416,"MEX MUGARTE JESUS",.9,866.7,OI05,1,"MAIZ",1,"RIEGO","PROCAMPO TRADICIONAL",
31,"YUCATAN",180,"TICUL",1,"MUNA",53,"MUNA",290,"MUNA",3319430,"NEGRON LOPEZ HONORIO SERAFIN",1.5,1444.5,OI05,1,"MAIZ",1,"RIEGO","PROCAMPO TRADICIONAL",
31,"YUCATAN",180,"TICUL",1,"MUNA",53,"MUNA",290,"MUNA",3319443,"CONTRERAS NEGRON ALFONSO",1.5,1444.5,OI05,220,"NARANJA",1,"RIEGO","PROCAMPO TRADICIONAL",
31,"YUCATAN",180,"TICUL",1,"MUNA",53,"MUNA",290,"MUNA",3319444,"DELGADO NAH JOSE GPE",2,1926,OI05,1,"MAIZ",1,"RIEGO","PROCAMPO TRADICIONAL",
31,"YUCATAN",180,"TICUL",1,"MUNA",53,"MUNA",290,"MUNA",3319446,"SALAZAR  SAULO",1,963,OI05,220,"NARANJA",1,"RIEGO","PROCAMPO TRADICIONAL",
31,"YUCATAN",180,"TICUL",1,"MUNA",53,"MUNA",290,"MUNA",3319447,"MARTIN BONILLA JESUS",.5,481.5,OI05,1,"MAIZ",1,"RIEGO","PROCAMPO TRADICIONAL",
31,"YUCATAN",180,"TICUL",1,"MUNA",53,"MUNA",290,"MUNA",3319449,"CACH PAREDES MANLIO JAVIER",2.26,2176.38,OI05,1,"MAIZ",2,"TEMPORAL","PROCAMPO TRADICIONAL",
31,"YUCATAN",180,"TICUL",1,"MUNA",53,"MUNA",290,"MUNA",3319451,"DELGADO PAREDES ELIAS",1.5,1444.5,OI05,1,"MAIZ",2,"TEMPORAL","PROCAMPO TRADICIONAL",
31,"YUCATAN",180,"TICUL",1,"MUNA",53,"MUNA",290,"MUNA",3319454,"MARTIN CHAY JORGE ALBERTO",2,1926,OI05,1,"MAIZ",1,"RIEGO","PROCAMPO TRADICIONAL",
31,"YUCATAN",180,"TICUL",1,"MUNA",53,"MUNA",290,"MUNA",3319455,"NEGRON LOPEZ FABIAN IRINEO",1,963,OI05,1,"MAIZ",1,"RIEGO","PROCAMPO TRADICIONAL",
31,"YUCATAN",180,"TICUL",1,"MUNA",53,"MUNA",290,"MUNA",3319456,"MARTIN  ISIDRO",1,963,OI05,1,"MAIZ",1,"RIEGO","PROCAMPO TRADICIONAL",
31,"YUCATAN",180,"TICUL",1,"MUNA",53,"MUNA",290,"MUNA",3319457,"CANCHE PACHECO RUFINO",2,1926,OI05,1,"MAIZ",1,"RIEGO","PROCAMPO TRADICIONAL",
31,"YUCATAN",180,"TICUL",1,"MUNA",53,"MUNA",290,"MUNA",3319458,"BALAM MAY VALENTIN",1.5,1444.5,OI05,1,"MAIZ",1,"RIEGO","PROCAMPO TRADICIONAL",
31,"YUCATAN",180,"TICUL",1,"MUNA",53,"MUNA",290,"MUNA",3319462,"DOMINGUEZ CHI LORENZO JUSTINIANO",1,963,OI05,1,"MAIZ",1,"RIEGO","PROCAMPO TRADICIONAL",
31,"YUCATAN",180,"TICUL",1,"MUNA",53,"MUNA",290,"MUNA",3319463,"BALAM POOL MARIO",2,1926,OI05,1,"MAIZ",1,"RIEGO","PROCAMPO TRADICIONAL",
31,"YUCATAN",180,"TICUL",1,"MUNA",53,"MUNA",290,"MUNA",3319464,"COUOH FUENTES MARCELINO",1.5,1444.5,OI05,1,"MAIZ",1,"RIEGO","PROCAMPO TRADICIONAL",
31,"YUCATAN",180,"TICUL",1,"MUNA",53,"MUNA",290,"MUNA",3319465,"BALAM MAY FLORENCIO",2,1926,OI05,220,"NARANJA",1,"RIEGO","PROCAMPO TRADICIONAL",
31,"YUCATAN",180,"TICUL",1,"MUNA",53,"MUNA",290,"MUNA",3319469,"DUARTE AC MIGUEL",2.5,2407.5,OI05,1,"MAIZ",1,"RIEGO","PROCAMPO TRADICIONAL",
31,"YUCATAN",180,"TICUL",1,"MUNA",53,"MUNA",290,"MUNA",3319470,"SOSA SAN MIGUEL FERNANDO",2,1926,OI05,1,"MAIZ",1,"RIEGO","PROCAMPO TRADICIONAL",
31,"YUCATAN",180,"TICUL",1,"MUNA",53,"MUNA",290,"MUNA",3319471,"BALAM CHAN ATILANO",1.5,1444.5,OI05,1,"MAIZ",1,"RIEGO","PROCAMPO TRADICIONAL",
31,"YUCATAN",180,"TICUL",1,"MUNA",53,"MUNA",290,"MUNA",3319472,"PORRAS TUN RAUL",3,2889,OI05,220,"NARANJA",1,"RIEGO","PROCAMPO TRADICIONAL",
31,"YUCATAN",180,"TICUL",1,"MUNA",53,"MUNA",290,"MUNA",3319491,"NARVAEZ DOMINGUEZ LUIS FERNANDO",1.8,1733.4,OI05,1,"MAIZ",1,"RIEGO","PROCAMPO TRADICIONAL",
31,"YUCATAN",180,"TICUL",1,"MUNA",53,"MUNA",290,"MUNA",3329252,"BALAM CAN JOSE ELEAZAR",2,1926,OI05,1,"MAIZ",1,"RIEGO","PROCAMPO TRADICIONAL",
31,"YUCATAN",180,"TICUL",1,"MUNA",53,"MUNA",290,"MUNA",1600003695,"GUILLEN DOMINGUEZ HERNAM",2,1926,OI05,1,"MAIZ",1,"RIEGO","PROCAMPO TRADICIONAL",
31,"YUCATAN",180,"TICUL",1,"MUNA",53,"MUNA",290,"MUNA",1600003699,"TOLOSA CASANOVA FERNANDO",1.5,1444.5,OI05,1,"MAIZ",2,"TEMPORAL","PROCAMPO TRADICIONAL",
31,"YUCATAN",180,"TICUL",1,"MUNA",53,"MUNA",290,"MUNA",1600003706,"AC OROZCO LUIS MANUEL",2,1926,OI05,1,"MAIZ",1,"RIEGO","PROCAMPO TRADICIONAL",
31,"YUCATAN",180,"TICUL",1,"MUNA",53,"MUNA",290,"MUNA",1600003712,"TAMAYO PAREDES JOSE ALBERTO",1.5,1444.5,OI05,220,"NARANJA",1,"RIEGO","PROCAMPO TRADICIONAL",
31,"YUCATAN",180,"TICUL",1,"MUNA",53,"MUNA",290,"MUNA",1600003714,"EUAN CANCHE JUSTINO",2.2,2118.6,OI05,1,"MAIZ",2,"TEMPORAL","PROCAMPO TRADICIONAL",
31,"YUCATAN",180,"TICUL",1,"MUNA",53,"MUNA",290,"MUNA",1600003719,"PORRAS CASANOVA ADOLFO",2,1926,OI05,1,"MAIZ",1,"RIEGO","PROCAMPO TRADICIONAL",
31,"YUCATAN",180,"TICUL",1,"MUNA",53,"MUNA",290,"MUNA",1600003721,"MARAVE BAAS SIMON",1,963,OI05,1,"MAIZ",1,"RIEGO","PROCAMPO TRADICIONAL",
31,"YUCATAN",180,"TICUL",1,"MUNA",53,"MUNA",290,"MUNA",1600003723,"DZUL CEH JAIME",1.5,1444.5,OI05,1,"MAIZ",1,"RIEGO","PROCAMPO TRADICIONAL",
31,"YUCATAN",180,"TICUL",1,"MUNA",53,"MUNA",290,"MUNA",1600003725,"DOMINGUEZ NARVAEZ EDUARDO",1,963,OI05,1,"MAIZ",1,"RIEGO","PROCAMPO TRADICIONAL",
31,"YUCATAN",180,"TICUL",1,"MUNA",53,"MUNA",290,"MUNA",1600003734,"PORRAS CASANOVA ADOLFO",1.5,1444.5,OI05,220,"NARANJA",1,"RIEGO","PROCAMPO TRADICIONAL",
31,"YUCATAN",180,"TICUL",1,"MUNA",53,"MUNA",290,"MUNA",1600003736,"PAREDES BALAM CORNELIO",2.5,2407.5,OI05,1,"MAIZ",1,"RIEGO","PROCAMPO TRADICIONAL",
31,"YUCATAN",180,"TICUL",1,"MUNA",53,"MUNA",290,"MUNA",1600003740,"MARTIN CASTRO JOSE ANTONIO",2,1926,OI05,1,"MAIZ",1,"RIEGO","PROCAMPO TRADICIONAL",
31,"YUCATAN",180,"TICUL",1,"MUNA",53,"MUNA",290,"MUNA",1600003744,"MARTIN BONILLA ISIDRO",1.5,1444.5,OI05,1,"MAIZ",1,"RIEGO","PROCAMPO TRADICIONAL",
31,"YUCATAN",180,"TICUL",1,"MUNA",53,"MUNA",290,"MUNA",1600003747,"MARTIN REDONDO JORGE",1,963,OI05,1,"MAIZ",1,"RIEGO","PROCAMPO TRADICIONAL",
31,"YUCATAN",180,"TICUL",1,"MUNA",53,"MUNA",290,"MUNA",1600003755,"EUAN CANCHE JUSTINO",.5,481.5,OI05,1,"MAIZ",2,"TEMPORAL","PROCAMPO TRADICIONAL",
31,"YUCATAN",180,"TICUL",1,"MUNA",53,"MUNA",290,"MUNA",1600003757,"CANCHE BAAS SANTIAGO",1.5,1444.5,OI05,220,"NARANJA",1,"RIEGO","PROCAMPO TRADICIONAL",
31,"YUCATAN",180,"TICUL",1,"MUNA",53,"MUNA",290,"MUNA",1600003763,"BALAM CHALE FLORENTINO",6,5778,OI05,240,"SABILA",1,"RIEGO","PROCAMPO TRADICIONAL",
31,"YUCATAN",180,"TICUL",1,"MUNA",53,"MUNA",290,"MUNA",1600003765,"DOMINGUEZ COUOH TOMAS",1,963,OI05,140,"SANDIA",1,"RIEGO","PROCAMPO TRADICIONAL",
31,"YUCATAN",180,"TICUL",1,"MUNA",53,"MUNA",290,"MUNA",1600003773,"FARFAN Y CAN FIDELIO",1,963,OI05,1,"MAIZ",1,"RIEGO","PROCAMPO TRADICIONAL",
31,"YUCATAN",180,"TICUL",1,"MUNA",53,"MUNA",290,"MUNA",1600003777,"ALCOCER DOMINGUEZ ROCENDO",1,963,OI05,1,"MAIZ",1,"RIEGO","PROCAMPO TRADICIONAL",
31,"YUCATAN",180,"TICUL",1,"MUNA",53,"MUNA",290,"MUNA",1600003780,"FARFAN TUYUB ROGER EDGARDO",1,963,OI05,1,"MAIZ",1,"RIEGO","PROCAMPO TRADICIONAL",
31,"YUCATAN",180,"TICUL",1,"MUNA",53,"MUNA",290,"MUNA",1600003791,"HOO LOPEZ ARTURO",.5,481.5,OI05,1,"MAIZ",1,"RIEGO","PROCAMPO TRADICIONAL",
31,"YUCATAN",180,"TICUL",1,"MUNA",53,"MUNA",290,"MUNA",1600003797,"DOMINGUEZ CHE ALVAR BENJAMIN",2,1926,OI05,1,"MAIZ",1,"RIEGO","PROCAMPO TRADICIONAL",
31,"YUCATAN",180,"TICUL",1,"MUNA",53,"MUNA",290,"MUNA",1600003799,"VARGUEZ MAGANA CASIMIRO",1,963,OI05,1,"MAIZ",1,"RIEGO","PROCAMPO TRADICIONAL",
31,"YUCATAN",180,"TICUL",1,"MUNA",53,"MUNA",290,"MUNA",1600003802,"BARBOSA LOPEZ GAMALIEL DE JESUS",1,963,OI05,220,"NARANJA",1,"RIEGO","PROCAMPO TRADICIONAL",
31,"YUCATAN",180,"TICUL",1,"MUNA",53,"MUNA",290,"MUNA",1600003804,"ALCOCER DOMINGUEZ JOSE NATIVIDAD",4,3852,OI05,1,"MAIZ",1,"RIEGO","PROCAMPO TRADICIONAL",
31,"YUCATAN",180,"TICUL",1,"MUNA",53,"MUNA",290,"MUNA",1600003806,"TUYUB CHAN JOSE RUBEN",1,963,OI05,220,"NARANJA",1,"RIEGO","PROCAMPO TRADICIONAL",
31,"YUCATAN",180,"TICUL",1,"MUNA",53,"MUNA",290,"MUNA",1600003808,"DZUL MORALES ULDARICO",2,1926,OI05,1,"MAIZ",1,"RIEGO","PROCAMPO TRADICIONAL",
31,"YUCATAN",180,"TICUL",1,"MUNA",53,"MUNA",290,"MUNA",1600003816,"HOO LOPEZ ARTURO",.5,481.5,OI05,1,"MAIZ",1,"RIEGO","PROCAMPO TRADICIONAL",
31,"YUCATAN",180,"TICUL",1,"MUNA",53,"MUNA",290,"MUNA",1600003818,"MIS POOL AZAEL",2,1926,OI05,1,"MAIZ",1,"RIEGO","PROCAMPO TRADICIONAL",
31,"YUCATAN",180,"TICUL",1,"MUNA",53,"MUNA",290,"MUNA",1600003821,"XOOL  FLORENCIO",1,963,OI05,1,"MAIZ",1,"RIEGO","PROCAMPO TRADICIONAL",
31,"YUCATAN",180,"TICUL",1,"MUNA",53,"MUNA",290,"MUNA",1600003829,"NARVAEZ DOMINGUEZ ROGELIO",3.5,3370.5,OI05,1,"MAIZ",1,"RIEGO","PROCAMPO TRADICIONAL",
31,"YUCATAN",180,"TICUL",1,"MUNA",53,"MUNA",290,"MUNA",1601440532,"ARJONA NAVARRETE ABIGAIL BALTAZAR",1,963,OI05,220,"NARANJA",1,"RIEGO","PROCAMPO TRADICIONAL",
31,"YUCATAN",180,"TICUL",2,"OXKUTZCAB",89,"TICUL",502,"TICUL",1600002531,"PECH JIMENEZ MANUEL JESUS",1,963,OI05,161,"AGUACATE",2,"TEMPORAL","PROCAMPO TRADICIONAL",
31,"YUCATAN",180,"TICUL",2,"OXKUTZCAB",89,"TICUL",502,"TICUL",1600002641,"PERALTA CUYTUN SILVESTRE",1.5,1444.5,OI05,1,"MAIZ",1,"RIEGO","PROCAMPO TRADICIONAL",
31,"YUCATAN",180,"TICUL",2,"OXKUTZCAB",89,"TICUL",502,"TICUL",1600002661,"DOMINGUEZ Y ESCAMILLA MIGUEL ANTONIO",3,2889,OI05,1,"MAIZ",1,"RIEGO","PROCAMPO TRADICIONAL",
31,"YUCATAN",180,"TICUL",2,"OXKUTZCAB",89,"TICUL",502,"TICUL",1600002711,"MUKUL Y COCOM DAVID GUALBERTO",1.5,1444.5,OI05,1,"MAIZ",1,"RIEGO","PROCAMPO TRADICIONAL",
31,"YUCATAN",180,"TICUL",2,"OXKUTZCAB",89,"TICUL",502,"TICUL",1600002807,"CONTRERAS IX MARCOS MANUEL",1,963,OI05,1,"MAIZ",1,"RIEGO","PROCAMPO TRADICIONAL",
31,"YUCATAN",180,"TICUL",2,"OXKUTZCAB",89,"TICUL",502,"TICUL",1600004365,"POOT Y BALAM JUAN BAUTISTA",3,2889,OI05,61,"CHILE",1,"RIEGO","PROCAMPO TRADICIONAL",
31,"YUCATAN",180,"TICUL",2,"OXKUTZCAB",89,"TICUL",502,"TICUL",1600004371,"PECH  ANTONIO",3,2889,OI05,61,"CHILE",1,"RIEGO","PROCAMPO TRADICIONAL",
31,"YUCATAN",180,"TICUL",2,"OXKUTZCAB",89,"TICUL",502,"TICUL",1600004385,"SEGURA TORRES JOSE ALVARO",5,4815,OI05,61,"CHILE",1,"RIEGO","PROCAMPO TRADICIONAL",
31,"YUCATAN",180,"TICUL",2,"OXKUTZCAB",89,"TICUL",502,"TICUL",1600004391,"NOH  ALGIMIRO DANIEL",3,2889,OI05,61,"CHILE",1,"RIEGO","PROCAMPO TRADICIONAL",
31,"YUCATAN",180,"TICUL",2,"OXKUTZCAB",89,"TICUL",502,"TICUL",1600004423,"FERNANDEZ SOSA ANDRES",8.5,8185.5,OI05,226,"PALMA (COCO-COPRA-DATIL-PALMATACO)",1,"RIEGO","PROCAMPO TRADICIONAL",
31,"YUCATAN",180,"TICUL",2,"OXKUTZCAB",89,"TICUL",502,"TICUL",1600868145,"SANTOS LOPEZ WILMER",1,963,OI05,229,"PAPAYA",1,"RIEGO","PROCAMPO TRADICIONAL",
31,"YUCATAN",180,"TICUL",2,"OXKUTZCAB",89,"TICUL",502,"TICUL",1600868159,"CHAN CACH MARIA CONCEPCION",3,2889,OI05,61,"CHILE",1,"RIEGO","PROCAMPO TRADICIONAL",
31,"YUCATAN",180,"TICUL",2,"OXKUTZCAB",89,"TICUL",502,"TICUL",1601822296,"GALAVIZ IBARRA JAIME RENE",1.5,1444.5,OI05,1,"MAIZ",1,"RIEGO","PROCAMPO TRADICIONAL",
31,"YUCATAN",180,"TICUL",2,"OXKUTZCAB",89,"TICUL",502,"TICUL",1601903738,"NOVELO COELLO LANDY NOEMI",1.5,1444.5,OI05,1,"MAIZ",1,"RIEGO","PROCAMPO TRADICIONAL",
31,"YUCATAN",180,"TICUL",3,"TEKAX",79,"TEKAX",407,"BECANCHEN",3327494,"HEREDIA  GREGORIO",7,6741,OI05,45,"CILANTRO",2,"TEMPORAL","PROCAMPO TRADICIONAL",
31,"YUCATAN",180,"TICUL",3,"TEKAX",79,"TEKAX",407,"BECANCHEN",3327568,"ALVARADO CHI JOSE DE LA ROSA",11.5,11074.5,OI05,45,"CILANTRO",2,"TEMPORAL","PROCAMPO TRADICIONAL",
31,"YUCATAN",180,"TICUL",3,"TEKAX",79,"TEKAX",407,"BECANCHEN",3327599,"BASTO  JULIAN",3,2889,OI05,45,"CILANTRO",2,"TEMPORAL","PROCAMPO TRADICIONAL",
31,"YUCATAN",180,"TICUL",3,"TEKAX",79,"TEKAX",407,"BECANCHEN",3343528,"ALONZO AVILA RAMON",1.5,1444.5,OI05,45,"CILANTRO",2,"TEMPORAL","PROCAMPO TRADICIONAL",
31,"YUCATAN",180,"TICUL",3,"TEKAX",79,"TEKAX",407,"BECANCHEN",3722580,"BASTO LUNA JOSE MARTIN",1.5,1444.5,OI05,1,"MAIZ",2,"TEMPORAL","PROCAMPO TRADICIONAL",
31,"YUCATAN",180,"TICUL",3,"TEKAX",79,"TEKAX",407,"BECANCHEN",3722581,"CAAMAL KU TORIBIO",1.5,1444.5,OI05,45,"CILANTRO",2,"TEMPORAL","PROCAMPO TRADICIONAL",
31,"YUCATAN",180,"TICUL",3,"TEKAX",79,"TEKAX",407,"BECANCHEN",3722638,"KU GONGORA MANUEL",6,5778,OI05,45,"CILANTRO",2,"TEMPORAL","PROCAMPO TRADICIONAL",
31,"YUCATAN",180,"TICUL",3,"TEKAX",79,"TEKAX",407,"BECANCHEN",3722643,"MUKUL VALDEZ ALFONSO",1.5,1444.5,OI05,45,"CILANTRO",2,"TEMPORAL","PROCAMPO TRADICIONAL",
31,"YUCATAN",180,"TICUL",3,"TEKAX",79,"TEKAX",407,"BECANCHEN",1600003910,"LOPEZ GONGORA MARIO FIDEL",1.5,1444.5,OI05,45,"CILANTRO",2,"TEMPORAL","PROCAMPO TRADICIONAL",
31,"YUCATAN",180,"TICUL",3,"TEKAX",79,"TEKAX",407,"BECANCHEN",1600003962,"PECH MAY MARCELINO",1.5,1444.5,OI05,45,"CILANTRO",2,"TEMPORAL","PROCAMPO TRADICIONAL",
31,"YUCATAN",180,"TICUL",3,"TEKAX",79,"TEKAX",407,"BECANCHEN",1600003982,"MUKUL VALDEZ ALFONSO",1.5,1444.5,OI05,45,"CILANTRO",2,"TEMPORAL","PROCAMPO TRADICIONAL",
31,"YUCATAN",180,"TICUL",3,"TEKAX",79,"TEKAX",407,"BECANCHEN",1600004009,"LUNA HEREDIA SAMUEL",1.5,1444.5,OI05,45,"CILANTRO",2,"TEMPORAL","PROCAMPO TRADICIONAL",
31,"YUCATAN",180,"TICUL",3,"TEKAX",79,"TEKAX",407,"BECANCHEN",1600004079,"LUNA HEREDIA JUAN PABLO",1.5,1444.5,OI05,45,"CILANTRO",2,"TEMPORAL","PROCAMPO TRADICIONAL",
31,"YUCATAN",180,"TICUL",3,"TEKAX",79,"TEKAX",407,"BECANCHEN",1600004469,"LOPEZ PAT SEVERIANO",1.5,1444.5,OI05,45,"CILANTRO",2,"TEMPORAL","PROCAMPO TRADICIONAL",
31,"YUCATAN",180,"TICUL",3,"TEKAX",79,"TEKAX",407,"BECANCHEN",1601835977,"VALDEZ KUK WILMA",1.5,1444.5,OI05,45,"CILANTRO",2,"TEMPORAL","PROCAMPO TRADICIONAL",
31,"YUCATAN",180,"TICUL",3,"TEKAX",79,"TEKAX",442,"SAN JORGE",1600004421,"CAUICH TEH JUAN DE MATA",34,32742,OI05,40,"CALABAZA (PIPIAN)",2,"TEMPORAL","PROCAMPO TRADICIONAL",
31,"YUCATAN",180,"TICUL",1,"MUNA",66,"SANTA ELENA",359,"SANTA ELENA",3319330,"CAAMAL ARGUELLES SANTOS",1,963,OI05,1,"MAIZ",1,"RIEGO","PROCAMPO TRADICIONAL",
31,"YUCATAN",180,"TICUL",1,"MUNA",66,"SANTA ELENA",359,"SANTA ELENA",3319331,"PUC ALVARADO HERNAN",1,963,OI05,1,"MAIZ",1,"RIEGO","PROCAMPO TRADICIONAL",
31,"YUCATAN",180,"TICUL",1,"MUNA",66,"SANTA ELENA",359,"SANTA ELENA",3319334,"HUCHIN TUN BERNARDO",1.5,1444.5,OI05,1,"MAIZ",1,"RIEGO","PROCAMPO TRADICIONAL",
31,"YUCATAN",180,"TICUL",1,"MUNA",66,"SANTA ELENA",359,"SANTA ELENA",3319336,"MAAS BRICENO NARCISO",1,963,OI05,1,"MAIZ",1,"RIEGO","PROCAMPO TRADICIONAL",
31,"YUCATAN",180,"TICUL",1,"MUNA",66,"SANTA ELENA",359,"SANTA ELENA",3319337,"MAAS BRICENO PEDRO",1,963,OI05,1,"MAIZ",1,"RIEGO","PROCAMPO TRADICIONAL",
31,"YUCATAN",180,"TICUL",1,"MUNA",66,"SANTA ELENA",359,"SANTA ELENA",3319338,"EK AYALA VICTOR",1,963,OI05,1,"MAIZ",1,"RIEGO","PROCAMPO TRADICIONAL",
31,"YUCATAN",180,"TICUL",1,"MUNA",66,"SANTA ELENA",359,"SANTA ELENA",3319340,"DOMINGUEZ HUCHIM LUIS FERNANDO",1.5,1444.5,OI05,1,"MAIZ",1,"RIEGO","PROCAMPO TRADICIONAL",
31,"YUCATAN",180,"TICUL",3,"TEKAX",79,"TEKAX",411,"CHAN DZITNUP",3344054,"COLLI MOO PORFIRIO",.5,481.5,OI05,2,"FRIJOL",2,"TEMPORAL","PROCAMPO TRADICIONAL",
31,"YUCATAN",180,"TICUL",3,"TEKAX",79,"TEKAX",411,"CHAN DZITNUP",3344055,"COLLI MOH ALVARO",.5,481.5,OI05,2,"FRIJOL",2,"TEMPORAL","PROCAMPO TRADICIONAL",
31,"YUCATAN",180,"TICUL",3,"TEKAX",79,"TEKAX",411,"CHAN DZITNUP",3344067,"CHI CANUL MANUELITO",.5,481.5,OI05,2,"FRIJOL",2,"TEMPORAL","PROCAMPO TRADICIONAL",
31,"YUCATAN",180,"TICUL",3,"TEKAX",79,"TEKAX",411,"CHAN DZITNUP",3344069,"CHI COLLI JAIME",.5,481.5,OI05,2,"FRIJOL",2,"TEMPORAL","PROCAMPO TRADICIONAL",
31,"YUCATAN",180,"TICUL",3,"TEKAX",79,"TEKAX",411,"CHAN DZITNUP",3344070,"CHI GONZALEZ FRANCISCO",.5,481.5,OI05,2,"FRIJOL",2,"TEMPORAL","PROCAMPO TRADICIONAL",
31,"YUCATAN",180,"TICUL",3,"TEKAX",79,"TEKAX",411,"CHAN DZITNUP",3344071,"CHI GONZALEZ ANGELES",1,963,OI05,2,"FRIJOL",2,"TEMPORAL","PROCAMPO TRADICIONAL",
31,"YUCATAN",180,"TICUL",3,"TEKAX",79,"TEKAX",411,"CHAN DZITNUP",3344073,"COLLI MOO FELICIANO",1,963,OI05,2,"FRIJOL",2,"TEMPORAL","PROCAMPO TRADICIONAL",
31,"YUCATAN",180,"TICUL",3,"TEKAX",79,"TEKAX",411,"CHAN DZITNUP",3344076,"COLLI MOH SANTOS ANTONIO",.5,481.5,OI05,2,"FRIJOL",2,"TEMPORAL","PROCAMPO TRADICIONAL",
31,"YUCATAN",180,"TICUL",3,"TEKAX",79,"TEKAX",411,"CHAN DZITNUP",3723014,"COLLI COCOM ISAIAS",.5,481.5,OI05,2,"FRIJOL",2,"TEMPORAL","PROCAMPO TRADICIONAL",
31,"YUCATAN",180,"TICUL",3,"TEKAX",79,"TEKAX",411,"CHAN DZITNUP",1600004439,"COLLI COCON JUAN BAUTISTA",1,963,OI05,2,"FRIJOL",2,"TEMPORAL","PROCAMPO TRADICIONAL",
31,"YUCATAN",180,"TICUL",3,"TEKAX",79,"TEKAX",411,"CHAN DZITNUP",1601351103,"CHI GONZALES MARIO",.5,481.5,OI05,2,"FRIJOL",2,"TEMPORAL","PROCAMPO TRADICIONAL",
31,"YUCATAN",180,"TICUL",3,"TEKAX",79,"TEKAX",411,"CHAN DZITNUP",1601556437,"HOIL CANCHE PELEGRIN",.5,481.5,OI05,2,"FRIJOL",2,"TEMPORAL","PROCAMPO TRADICIONAL",
31,"YUCATAN",180,"TICUL",4,"TZUCACAB",58,"PETO",9316,"PA PETO",1600004331,"CARRILLO ALONZO JOSE ARMIN",40,38520,OI05,117,"PASTOS PERENES",1,"RIEGO","PROCAMPO TRADICIONAL",
31,"YUCATAN",180,"TICUL",3,"TEKAX",79,"TEKAX",455,"SUDZAL CHICO",3327674,"MAY COLLI VICENTE ARSENIO",.7,674.1,OI05,1,"MAIZ",1,"RIEGO","PROCAMPO TRADICIONAL",
31,"YUCATAN",180,"TICUL",3,"TEKAX",79,"TEKAX",455,"SUDZAL CHICO",3347306,"POOT ORTIZ FEDERICO",2.1,2022.3,OI05,61,"CHILE",1,"RIEGO","PROCAMPO TRADICIONAL",
31,"YUCATAN",180,"TICUL",3,"TEKAX",79,"TEKAX",455,"SUDZAL CHICO",3347342,"POOT Y UC HUMBERTO",.7,674.1,OI05,140,"SANDIA",1,"RIEGO","PROCAMPO TRADICIONAL",
31,"YUCATAN",180,"TICUL",3,"TEKAX",79,"TEKAX",455,"SUDZAL CHICO",3347347,"KEB ACEVEDO ANGEL MARIO",.7,674.1,OI05,140,"SANDIA",1,"RIEGO","PROCAMPO TRADICIONAL",
31,"YUCATAN",180,"TICUL",3,"TEKAX",79,"TEKAX",455,"SUDZAL CHICO",3347355,"CANCHE YAM JOSE PILAR",.7,674.1,OI05,140,"SANDIA",1,"RIEGO","PROCAMPO TRADICIONAL",
31,"YUCATAN",180,"TICUL",3,"TEKAX",79,"TEKAX",455,"SUDZAL CHICO",6029392,"COLLI PEREIRA JOSE ALBERTO",.7,674.1,OI05,140,"SANDIA",1,"RIEGO","PROCAMPO TRADICIONAL",
31,"YUCATAN",180,"TICUL",3,"TEKAX",79,"TEKAX",455,"SUDZAL CHICO",1600004122,"POOT ORTIZ HUMBERTO",1.4,1348.2,OI05,1,"MAIZ",1,"RIEGO","PROCAMPO TRADICIONAL",
31,"YUCATAN",180,"TICUL",3,"TEKAX",79,"TEKAX",455,"SUDZAL CHICO",1600004167,"AVILA PACAB ROBERTO",.7,674.1,OI05,1,"MAIZ",1,"RIEGO","PROCAMPO TRADICIONAL",
31,"YUCATAN",180,"TICUL",3,"TEKAX",79,"TEKAX",455,"SUDZAL CHICO",1600004185,"POOT COLLI VENANCIO",.7,674.1,OI05,1,"MAIZ",2,"TEMPORAL","PROCAMPO TRADICIONAL",
31,"YUCATAN",180,"TICUL",3,"TEKAX",79,"TEKAX",455,"SUDZAL CHICO",1600004211,"MARIN CANUL JUAN PASTOR",.7,674.1,OI05,140,"SANDIA",1,"RIEGO","PROCAMPO TRADICIONAL",
31,"YUCATAN",180,"TICUL",3,"TEKAX",79,"TEKAX",455,"SUDZAL CHICO",1600004249,"BASTO Y MAGANA MAXIMO",.7,674.1,OI05,1,"MAIZ",1,"RIEGO","PROCAMPO TRADICIONAL",
31,"YUCATAN",180,"TICUL",3,"TEKAX",79,"TEKAX",455,"SUDZAL CHICO",1600004341,"CANCHE GUTIERREZ MANUEL JESUS",1.4,1348.2,OI05,1,"MAIZ",2,"TEMPORAL","PROCAMPO TRADICIONAL",
31,"YUCATAN",180,"TICUL",3,"TEKAX",79,"TEKAX",455,"SUDZAL CHICO",1600004346,"DZUL POOT EDILBERTO",.7,674.1,OI05,140,"SANDIA",1,"RIEGO","PROCAMPO TRADICIONAL",
31,"YUCATAN",180,"TICUL",3,"TEKAX",79,"TEKAX",455,"SUDZAL CHICO",1600004353,"DZUL Y ROJAS MANUEL JESUS",.7,674.1,OI05,140,"SANDIA",1,"RIEGO","PROCAMPO TRADICIONAL",
31,"YUCATAN",180,"TICUL",3,"TEKAX",79,"TEKAX",455,"SUDZAL CHICO",1600004363,"POOT ORTIZ JERONIMO",1.4,1348.2,OI05,61,"CHILE",1,"RIEGO","PROCAMPO TRADICIONAL",
31,"YUCATAN",180,"TICUL",3,"TEKAX",79,"TEKAX",455,"SUDZAL CHICO",1600004369,"POOT ORTIZ FRANCISCO DAVID",1.4,1348.2,OI05,61,"CHILE",1,"RIEGO","PROCAMPO TRADICIONAL",
31,"YUCATAN",180,"TICUL",3,"TEKAX",79,"TEKAX",455,"SUDZAL CHICO",1600004395,"DZUL NIC TOMAS",.7,674.1,OI05,140,"SANDIA",1,"RIEGO","PROCAMPO TRADICIONAL",
31,"YUCATAN",180,"TICUL",3,"TEKAX",79,"TEKAX",455,"SUDZAL CHICO",1600004405,"POOT Y UC HUMBERTO",1.4,1348.2,OI05,61,"CHILE",1,"RIEGO","PROCAMPO TRADICIONAL",
31,"YUCATAN",180,"TICUL",3,"TEKAX",79,"TEKAX",455,"SUDZAL CHICO",1600077314,"DZUL POOT VIRGILIO",.7,674.1,OI05,1,"MAIZ",2,"TEMPORAL","PROCAMPO TRADICIONAL",
31,"YUCATAN",180,"TICUL",3,"TEKAX",79,"TEKAX",455,"SUDZAL CHICO",1600586701,"HOIL CANTE ANTONIA",.7,674.1,OI05,61,"CHILE",1,"RIEGO","PROCAMPO TRADICIONAL",
31,"YUCATAN",180,"TICUL",4,"TZUCACAB",98,"TZUCACAB",636,"TIGRE GRANDE",3326435,"PAN KU HERBE",1,963,OI05,1,"MAIZ",1,"RIEGO","PROCAMPO TRADICIONAL",
31,"YUCATAN",180,"TICUL",1,"MUNA",53,"MUNA",290,"MUNA",3329254,"CALAM CALAM MIGUEL",1.7,1637.1,OI05,220,"NARANJA",1,"RIEGO","PROCAMPO TRADICIONAL",
31,"YUCATAN",180,"TICUL",1,"MUNA",53,"MUNA",290,"MUNA",3329255,"MENDEZ Y RODRIGUEZ FRANCISCO",.5,481.5,OI05,220,"NARANJA",1,"RIEGO","PROCAMPO TRADICIONAL",
31,"YUCATAN",180,"TICUL",1,"MUNA",53,"MUNA",290,"MUNA",3329258,"CALAM MOO PERFECTO GALINDO",.5,481.5,OI05,220,"NARANJA",1,"RIEGO","PROCAMPO TRADICIONAL",
31,"YUCATAN",180,"TICUL",1,"MUNA",53,"MUNA",290,"MUNA",3329259,"NABTE DOMINGUEZ PEDRO",.5,481.5,OI05,220,"NARANJA",1,"RIEGO","PROCAMPO TRADICIONAL",
31,"YUCATAN",180,"TICUL",1,"MUNA",53,"MUNA",290,"MUNA",3329261,"OROZCO CHAN JOSE MERCEDES",1,963,OI05,1,"MAIZ",1,"RIEGO","PROCAMPO TRADICIONAL",
31,"YUCATAN",180,"TICUL",1,"MUNA",53,"MUNA",290,"MUNA",3329262,"FARFAN GONZALEZ ESTEBAN",1,963,OI05,1,"MAIZ",1,"RIEGO","PROCAMPO TRADICIONAL",
31,"YUCATAN",180,"TICUL",1,"MUNA",53,"MUNA",290,"MUNA",3329272,"CHI MOO EMILIANO",1,963,OI05,1,"MAIZ",1,"RIEGO","PROCAMPO TRADICIONAL",
31,"YUCATAN",180,"TICUL",1,"MUNA",53,"MUNA",290,"MUNA",3329279,"DOMINGUEZ PORRAS PRESCILIANO",1,963,OI05,1,"MAIZ",1,"RIEGO","PROCAMPO TRADICIONAL",
31,"YUCATAN",180,"TICUL",1,"MUNA",53,"MUNA",290,"MUNA",3329280,"DOMINGUEZ NARVAEZ ROBERTO",1.5,1444.5,OI05,1,"MAIZ",1,"RIEGO","PROCAMPO TRADICIONAL",
31,"YUCATAN",180,"TICUL",1,"MUNA",53,"MUNA",290,"MUNA",3329282,"DOMINGUEZ NARVAEZ EDUARDO",1,963,OI05,1,"MAIZ",1,"RIEGO","PROCAMPO TRADICIONAL",
31,"YUCATAN",180,"TICUL",1,"MUNA",53,"MUNA",290,"MUNA",3329283,"CRUZ TUYUB IGNACIO",1,963,OI05,140,"SANDIA",1,"RIEGO","PROCAMPO TRADICIONAL",
31,"YUCATAN",180,"TICUL",1,"MUNA",53,"MUNA",290,"MUNA",3329284,"CRUZ TUYUB SATURNINO",1,963,OI05,1,"MAIZ",1,"RIEGO","PROCAMPO TRADICIONAL",
31,"YUCATAN",180,"TICUL",1,"MUNA",53,"MUNA",290,"MUNA",3329286,"DOMINGUEZ NARVAEZ PEDRO CASIMIRO",1,963,OI05,1,"MAIZ",1,"RIEGO","PROCAMPO TRADICIONAL",
31,"YUCATAN",180,"TICUL",1,"MUNA",53,"MUNA",290,"MUNA",3329288,"MUGARTE TUYUB JOSE FRANCISCO",1,963,OI05,1,"MAIZ",1,"RIEGO","PROCAMPO TRADICIONAL",
31,"YUCATAN",180,"TICUL",1,"MUNA",53,"MUNA",290,"MUNA",3329289,"DOMINGUEZ CHE ALVAR BENJAMIN",1,963,OI05,1,"MAIZ",1,"RIEGO","PROCAMPO TRADICIONAL",
31,"YUCATAN",180,"TICUL",1,"MUNA",53,"MUNA",290,"MUNA",3329291,"TUYUB PECH ATILANO",1,963,OI05,1,"MAIZ",1,"RIEGO","PROCAMPO TRADICIONAL",
31,"YUCATAN",180,"TICUL",1,"MUNA",53,"MUNA",290,"MUNA",3329421,"CHAY LARA HUMBERTO",1,963,OI05,220,"NARANJA",1,"RIEGO","PROCAMPO TRADICIONAL",
31,"YUCATAN",180,"TICUL",1,"MUNA",53,"MUNA",290,"MUNA",3329437,"COLLI ORTIZ CENOBIO",1.5,1444.5,OI05,1,"MAIZ",1,"RIEGO","PROCAMPO TRADICIONAL",
31,"YUCATAN",180,"TICUL",1,"MUNA",53,"MUNA",290,"MUNA",3329446,"LOPEZ NABTE VICTOR MANUEL",.8,770.4,OI05,1,"MAIZ",1,"RIEGO","PROCAMPO TRADICIONAL",
31,"YUCATAN",180,"TICUL",1,"MUNA",53,"MUNA",290,"MUNA",3329453,"MUKUL CHI FRANCISCO",1,963,OI05,1,"MAIZ",1,"RIEGO","PROCAMPO TRADICIONAL",
31,"YUCATAN",180,"TICUL",1,"MUNA",53,"MUNA",290,"MUNA",3329455,"MUKUL CHI FLORENCIO",1,963,OI05,1,"MAIZ",1,"RIEGO","PROCAMPO TRADICIONAL",
31,"YUCATAN",180,"TICUL",1,"MUNA",53,"MUNA",290,"MUNA",3329456,"UH MAY TIRSO",1,963,OI05,1,"MAIZ",1,"RIEGO","PROCAMPO TRADICIONAL",
31,"YUCATAN",180,"TICUL",1,"MUNA",53,"MUNA",290,"MUNA",3329457,"MUKUL TZUC FLORENCIO",1,963,OI05,1,"MAIZ",1,"RIEGO","PROCAMPO TRADICIONAL",
31,"YUCATAN",180,"TICUL",1,"MUNA",53,"MUNA",290,"MUNA",3329460,"MUKUL KOYOC AURELIO",1,963,OI05,1,"MAIZ",1,"RIEGO","PROCAMPO TRADICIONAL",
31,"YUCATAN",180,"TICUL",1,"MUNA",53,"MUNA",290,"MUNA",3329461,"FARFAN CAN LORENZO",1.5,1444.5,OI05,1,"MAIZ",1,"RIEGO","PROCAMPO TRADICIONAL",
31,"YUCATAN",180,"TICUL",1,"MUNA",53,"MUNA",290,"MUNA",3329462,"DZUL POOT EULOGIO",.5,481.5,OI05,1,"MAIZ",1,"RIEGO","PROCAMPO TRADICIONAL",
31,"YUCATAN",180,"TICUL",1,"MUNA",53,"MUNA",290,"MUNA",3329463,"NOVELO  AMADO",1,963,OI05,1,"MAIZ",1,"RIEGO","PROCAMPO TRADICIONAL",
31,"YUCATAN",180,"TICUL",1,"MUNA",53,"MUNA",290,"MUNA",3329466,"FARFAN CAN JOSE DOLORES",1.5,1444.5,OI05,1,"MAIZ",1,"RIEGO","PROCAMPO TRADICIONAL",
31,"YUCATAN",180,"TICUL",1,"MUNA",53,"MUNA",290,"MUNA",1602059457,"MARTIN  BARTOLA",1.5,1444.5,OI05,1,"MAIZ",1,"RIEGO","PROCAMPO TRADICIONAL",
31,"YUCATAN",180,"TICUL",1,"MUNA",66,"SANTA ELENA",359,"SANTA ELENA",3319343,"BALAM KEB PAULINO",1,963,OI05,1,"MAIZ",1,"RIEGO","PROCAMPO TRADICIONAL",
31,"YUCATAN",180,"TICUL",1,"MUNA",66,"SANTA ELENA",359,"SANTA ELENA",3319346,"BONILLA CAMAL MEREGILDO",1,963,OI05,1,"MAIZ",1,"RIEGO","PROCAMPO TRADICIONAL",
31,"YUCATAN",180,"TICUL",1,"MUNA",66,"SANTA ELENA",359,"SANTA ELENA",3319348,"HUCHIM TUN LUIS",.5,481.5,OI05,1,"MAIZ",1,"RIEGO","PROCAMPO TRADICIONAL",
31,"YUCATAN",180,"TICUL",1,"MUNA",66,"SANTA ELENA",359,"SANTA ELENA",3319366,"CHUIL PUC SAMUEL",1,963,OI05,1,"MAIZ",1,"RIEGO","PROCAMPO TRADICIONAL",
31,"YUCATAN",180,"TICUL",1,"MUNA",66,"SANTA ELENA",359,"SANTA ELENA",3319368,"CHULIN SANSORES RUBEN",1,963,OI05,1,"MAIZ",1,"RIEGO","PROCAMPO TRADICIONAL",
31,"YUCATAN",180,"TICUL",1,"MUNA",66,"SANTA ELENA",359,"SANTA ELENA",3329323,"KEB PUC HIPOLITO",.5,481.5,OI05,1,"MAIZ",1,"RIEGO","PROCAMPO TRADICIONAL",
31,"YUCATAN",180,"TICUL",1,"MUNA",66,"SANTA ELENA",359,"SANTA ELENA",3329328,"HUCHIM UC JUVENTINO",1,963,OI05,1,"MAIZ",1,"RIEGO","PROCAMPO TRADICIONAL",
31,"YUCATAN",180,"TICUL",1,"MUNA",66,"SANTA ELENA",359,"SANTA ELENA",3329362,"TUN CETINA GUILLERMO",.5,481.5,OI05,1,"MAIZ",1,"RIEGO","PROCAMPO TRADICIONAL",
31,"YUCATAN",180,"TICUL",1,"MUNA",66,"SANTA ELENA",359,"SANTA ELENA",3329363,"ALVARADO COUOH MAXIMILIANO",.5,481.5,OI05,1,"MAIZ",1,"RIEGO","PROCAMPO TRADICIONAL",
31,"YUCATAN",180,"TICUL",1,"MUNA",66,"SANTA ELENA",359,"SANTA ELENA",3329372,"TEC  INOCENCIO",.5,481.5,OI05,1,"MAIZ",1,"RIEGO","PROCAMPO TRADICIONAL",
31,"YUCATAN",180,"TICUL",1,"MUNA",66,"SANTA ELENA",359,"SANTA ELENA",3329373,"PUCH KANTUN RENE ALEJANDRO",1.5,1444.5,OI05,1,"MAIZ",1,"RIEGO","PROCAMPO TRADICIONAL",
31,"YUCATAN",180,"TICUL",1,"MUNA",66,"SANTA ELENA",359,"SANTA ELENA",3329375,"MORENO CETINA JUAN DE JESUS",1.5,1444.5,OI05,1,"MAIZ",1,"RIEGO","PROCAMPO TRADICIONAL",
31,"YUCATAN",180,"TICUL",1,"MUNA",66,"SANTA ELENA",359,"SANTA ELENA",3329379,"MAAS COCOM FELIX",1,963,OI05,1,"MAIZ",1,"RIEGO","PROCAMPO TRADICIONAL",
31,"YUCATAN",180,"TICUL",1,"MUNA",66,"SANTA ELENA",359,"SANTA ELENA",3329383,"PAREDES CHE ERMILO",1,963,OI05,1,"MAIZ",1,"RIEGO","PROCAMPO TRADICIONAL",
31,"YUCATAN",180,"TICUL",1,"MUNA",66,"SANTA ELENA",359,"SANTA ELENA",3329385,"BRICENO MUL MANUEL JESUS",1,963,OI05,1,"MAIZ",1,"RIEGO","PROCAMPO TRADICIONAL",
31,"YUCATAN",180,"TICUL",1,"MUNA",66,"SANTA ELENA",359,"SANTA ELENA",3329389,"TUN KOYOC MARIANO",1,963,OI05,118,"PEPINO",1,"RIEGO","PROCAMPO TRADICIONAL",
31,"YUCATAN",180,"TICUL",1,"MUNA",66,"SANTA ELENA",359,"SANTA ELENA",3329392,"PUC ITZA EDILBERTO",.5,481.5,OI05,1,"MAIZ",1,"RIEGO","PROCAMPO TRADICIONAL",
31,"YUCATAN",180,"TICUL",1,"MUNA",66,"SANTA ELENA",359,"SANTA ELENA",3329396,"ITZA COB CANDIDO",.8,770.4,OI05,1,"MAIZ",1,"RIEGO","PROCAMPO TRADICIONAL",
31,"YUCATAN",180,"TICUL",1,"MUNA",66,"SANTA ELENA",359,"SANTA ELENA",3329402,"CHULIN CAAMAL GASPAR",.5,481.5,OI05,1,"MAIZ",1,"RIEGO","PROCAMPO TRADICIONAL",
31,"YUCATAN",180,"TICUL",1,"MUNA",66,"SANTA ELENA",359,"SANTA ELENA",3329672,"KAUIL HUCHIN DANIEL",.8,770.4,OI05,1,"MAIZ",1,"RIEGO","PROCAMPO TRADICIONAL",
31,"YUCATAN",180,"TICUL",1,"MUNA",66,"SANTA ELENA",359,"SANTA ELENA",3329673,"PERERA NOVELO RIGOBERTO",1,963,OI05,1,"MAIZ",1,"RIEGO","PROCAMPO TRADICIONAL",
31,"YUCATAN",180,"TICUL",4,"TZUCACAB",98,"TZUCACAB",636,"TIGRE GRANDE",3326437,"CATZIN XIX MATILDE",1,963,OI05,1,"MAIZ",1,"RIEGO","PROCAMPO TRADICIONAL",
31,"YUCATAN",180,"TICUL",4,"TZUCACAB",98,"TZUCACAB",636,"TIGRE GRANDE",3330603,"CATZIM CANUL MARIANO",.88,847.44,OI05,1,"MAIZ",1,"RIEGO","PROCAMPO TRADICIONAL",
31,"YUCATAN",180,"TICUL",4,"TZUCACAB",98,"TZUCACAB",636,"TIGRE GRANDE",3330604,"CASTILLO Y BACAB VERMILO",1.12,1078.56,OI05,1,"MAIZ",1,"RIEGO","PROCAMPO TRADICIONAL",
31,"YUCATAN",180,"TICUL",4,"TZUCACAB",98,"TZUCACAB",636,"TIGRE GRANDE",3330605," CAAMAL MANUEL JESUS",.88,847.44,OI05,1,"MAIZ",1,"RIEGO","PROCAMPO TRADICIONAL",
31,"YUCATAN",180,"TICUL",4,"TZUCACAB",98,"TZUCACAB",636,"TIGRE GRANDE",3330614,"CATZIN CANUL SIXTO",1,963,OI05,1,"MAIZ",1,"RIEGO","PROCAMPO TRADICIONAL",
31,"YUCATAN",180,"TICUL",4,"TZUCACAB",98,"TZUCACAB",636,"TIGRE GRANDE",3330615,"CAMAL COLLI SEBASTIAN",1,963,OI05,1,"MAIZ",1,"RIEGO","PROCAMPO TRADICIONAL",
31,"YUCATAN",180,"TICUL",4,"TZUCACAB",98,"TZUCACAB",636,"TIGRE GRANDE",3330616,"MUKUL CANUL DESIDERIO",1,963,OI05,1,"MAIZ",1,"RIEGO","PROCAMPO TRADICIONAL",
31,"YUCATAN",180,"TICUL",4,"TZUCACAB",98,"TZUCACAB",636,"TIGRE GRANDE",3330621,"MEX Y CANUL APOLINARIO",1,963,OI05,1,"MAIZ",1,"RIEGO","PROCAMPO TRADICIONAL",
31,"YUCATAN",180,"TICUL",4,"TZUCACAB",98,"TZUCACAB",636,"TIGRE GRANDE",3330628,"CATZIN YUPIT CECILIO",.48,462.24,OI05,1,"MAIZ",1,"RIEGO","PROCAMPO TRADICIONAL",
31,"YUCATAN",180,"TICUL",4,"TZUCACAB",98,"TZUCACAB",636,"TIGRE GRANDE",1600586273,"CHAN MOO ZOILA DEL SOCORRO",1.96,1887.48,OI05,1,"MAIZ",1,"RIEGO","PROCAMPO TRADICIONAL",
31,"YUCATAN",180,"TICUL",2,"OXKUTZCAB",56,"OXKUTZCAB",9299,"PA OXKUTZCAB",3705392,"MAGANA MALDONADO SIRENIA DEL ROCIO",2,1926,OI05,226,"PALMA (COCO-COPRA-DATIL-PALMATACO)",2,"TEMPORAL","PROCAMPO TRADICIONAL",
31,"YUCATAN",180,"TICUL",2,"OXKUTZCAB",56,"OXKUTZCAB",9299,"PA OXKUTZCAB",6022976,"GARCIA CAB JUVENTINO",33.5,32260.5,OI05,220,"NARANJA",1,"RIEGO","PROCAMPO TRADICIONAL",
31,"YUCATAN",180,"TICUL",2,"OXKUTZCAB",56,"OXKUTZCAB",9299,"PA OXKUTZCAB",1600004429,"BRICENO VAZQUEZ RITA MARIA DE JESUS",3,2889,OI05,220,"NARANJA",1,"RIEGO","PROCAMPO TRADICIONAL",
31,"YUCATAN",180,"TICUL",3,"TEKAX",79,"TEKAX",451,"SAN SALVADOR PISTE",3344062,"MIS CANUL ANACLETO",.9,866.7,OI05,2,"FRIJOL",2,"TEMPORAL","PROCAMPO TRADICIONAL",
31,"YUCATAN",180,"TICUL",3,"TEKAX",79,"TEKAX",451,"SAN SALVADOR PISTE",3344064,"MIS COHUO JOSE SEVERIANO",.9,866.7,OI05,2,"FRIJOL",2,"TEMPORAL","PROCAMPO TRADICIONAL",
31,"YUCATAN",180,"TICUL",3,"TEKAX",79,"TEKAX",451,"SAN SALVADOR PISTE",3344077,"DZUL NOVELO OCTAVIANO",.9,866.7,OI05,2,"FRIJOL",2,"TEMPORAL","PROCAMPO TRADICIONAL",
31,"YUCATAN",180,"TICUL",3,"TEKAX",79,"TEKAX",451,"SAN SALVADOR PISTE",1600586754,"MIS COUOH FERNANDO",.9,866.7,OI05,2,"FRIJOL",2,"TEMPORAL","PROCAMPO TRADICIONAL",
31,"YUCATAN",180,"TICUL",3,"TEKAX",79,"TEKAX",456,"TEKAX",1600004451,"ESPANA ARGAEZ JOSE DOLORES",1,963,OI05,1,"MAIZ",1,"RIEGO","PROCAMPO TRADICIONAL",
31,"YUCATAN",180,"TICUL",3,"TEKAX",79,"TEKAX",9436,"PA SAN ANTONIO",1601903768,"DIAZ DE ZAVALA GERARDO",40,38520,OI05,118,"PEPINO",1,"RIEGO","PROCAMPO TRADICIONAL",
31,"YUCATAN",180,"TICUL",3,"TEKAX",79,"TEKAX",440,"SAN ISIDRO MAC YAM",1600586819,"YAM COCOM JOSE ERMILO",1,963,OI05,2,"FRIJOL",2,"TEMPORAL","PROCAMPO TRADICIONAL",
31,"YUCATAN",180,"TICUL",4,"TZUCACAB",98,"TZUCACAB",637,"TZUCACAB",1600002601,"CAAMAL MOL DAVID",2,1926,OI05,40,"CALABAZA (PIPIAN)",1,"RIEGO","PROCAMPO TRADICIONAL",
31,"YUCATAN",180,"TICUL",4,"TZUCACAB",98,"TZUCACAB",637,"TZUCACAB",1600004119,"EUAN GOMEZ JOSE CRISANTO",1,963,OI05,1,"MAIZ",1,"RIEGO","PROCAMPO TRADICIONAL",
31,"YUCATAN",180,"TICUL",4,"TZUCACAB",98,"TZUCACAB",637,"TZUCACAB",1600004239,"DZIB CAAMAL MAXIMO",2,1926,OI05,2,"FRIJOL",1,"RIEGO","PROCAMPO TRADICIONAL",
31,"YUCATAN",180,"TICUL",1,"MUNA",53,"MUNA",290,"MUNA",3329467,"PANTOJA CHALE JOSE GABRIEL",1,963,OI05,1,"MAIZ",1,"RIEGO","PROCAMPO TRADICIONAL",
31,"YUCATAN",180,"TICUL",1,"MUNA",53,"MUNA",290,"MUNA",3329468,"DOMINGUEZ LOPEZ ELIAS",1.5,1444.5,OI05,1,"MAIZ",1,"RIEGO","PROCAMPO TRADICIONAL",
31,"YUCATAN",180,"TICUL",1,"MUNA",53,"MUNA",290,"MUNA",3329469,"FARFAN CAN ALEJANDRO",1,963,OI05,1,"MAIZ",1,"RIEGO","PROCAMPO TRADICIONAL",
31,"YUCATAN",180,"TICUL",1,"MUNA",53,"MUNA",290,"MUNA",3329471,"HUCHIM AGUILAR JORGE ROBERTO",1.5,1444.5,OI05,1,"MAIZ",1,"RIEGO","PROCAMPO TRADICIONAL",
31,"YUCATAN",180,"TICUL",1,"MUNA",53,"MUNA",290,"MUNA",3329472,"PACHECO CAN CASIMIRO",1.5,1444.5,OI05,1,"MAIZ",1,"RIEGO","PROCAMPO TRADICIONAL",
31,"YUCATAN",180,"TICUL",1,"MUNA",53,"MUNA",290,"MUNA",3329474,"MUKUL KOYOC ELEUTERIO",1,963,OI05,1,"MAIZ",1,"RIEGO","PROCAMPO TRADICIONAL",
31,"YUCATAN",180,"TICUL",1,"MUNA",53,"MUNA",290,"MUNA",3329477,"MARAVE BAAS DIONISIO",1,963,OI05,1,"MAIZ",1,"RIEGO","PROCAMPO TRADICIONAL",
31,"YUCATAN",180,"TICUL",1,"MUNA",53,"MUNA",290,"MUNA",3329479,"HOO LOPEZ ARTURO",.5,481.5,OI05,1,"MAIZ",1,"RIEGO","PROCAMPO TRADICIONAL",
31,"YUCATAN",180,"TICUL",1,"MUNA",53,"MUNA",290,"MUNA",3329480,"DELGADO Y DELGADO LUIS",.24,231.12,OI05,1,"MAIZ",1,"RIEGO","PROCAMPO TRADICIONAL",
31,"YUCATAN",180,"TICUL",1,"MUNA",53,"MUNA",290,"MUNA",3329490,"DZUL DZIB CARLOS ENRIQUE",2,1926,OI05,1,"MAIZ",1,"RIEGO","PROCAMPO TRADICIONAL",
31,"YUCATAN",180,"TICUL",1,"MUNA",53,"MUNA",290,"MUNA",3329572,"LOPEZ NABTE LORENZO DE JESUS",.5,481.5,OI05,220,"NARANJA",1,"RIEGO","PROCAMPO TRADICIONAL",
31,"YUCATAN",180,"TICUL",1,"MUNA",53,"MUNA",290,"MUNA",3329574,"CHACON CHAN JOSE ASUNCION",1,963,OI05,1,"MAIZ",1,"RIEGO","PROCAMPO TRADICIONAL",
31,"YUCATAN",180,"TICUL",1,"MUNA",53,"MUNA",290,"MUNA",3329575,"FARFAN FUENTES VICTOR MANUEL",3.5,3370.5,OI05,1,"MAIZ",1,"RIEGO","PROCAMPO TRADICIONAL",
31,"YUCATAN",180,"TICUL",1,"MUNA",53,"MUNA",290,"MUNA",3329577,"CHI CETINA NICOLAS",1,963,OI05,1,"MAIZ",1,"RIEGO","PROCAMPO TRADICIONAL",
31,"YUCATAN",180,"TICUL",1,"MUNA",53,"MUNA",290,"MUNA",3329581,"CRIOYO PECH JOSE ISIDRO",1,963,OI05,1,"MAIZ",1,"RIEGO","PROCAMPO TRADICIONAL",
31,"YUCATAN",180,"TICUL",1,"MUNA",53,"MUNA",290,"MUNA",3329586,"BARBOSA LOPEZ GAMALIEL DE JESUS",.5,481.5,OI05,1,"MAIZ",1,"RIEGO","PROCAMPO TRADICIONAL",
31,"YUCATAN",180,"TICUL",1,"MUNA",53,"MUNA",290,"MUNA",3329588,"CHAN COHUO FERNANDO",1,963,OI05,1,"MAIZ",1,"RIEGO","PROCAMPO TRADICIONAL",
31,"YUCATAN",180,"TICUL",1,"MUNA",53,"MUNA",290,"MUNA",3329590,"GUEMEZ BRITO ANASTACIO",1,963,OI05,1,"MAIZ",1,"RIEGO","PROCAMPO TRADICIONAL",
31,"YUCATAN",180,"TICUL",1,"MUNA",53,"MUNA",290,"MUNA",3329591,"GUEMEZ KU ANASTACIO",1.5,1444.5,OI05,1,"MAIZ",1,"RIEGO","PROCAMPO TRADICIONAL",
31,"YUCATAN",180,"TICUL",1,"MUNA",53,"MUNA",290,"MUNA",3329595,"PINZON PAREDES FILIBERTO",1,963,OI05,1,"MAIZ",1,"RIEGO","PROCAMPO TRADICIONAL",
31,"YUCATAN",180,"TICUL",1,"MUNA",53,"MUNA",290,"MUNA",3329600,"DZUL YE ADALBERTO",1,963,OI05,1,"MAIZ",1,"RIEGO","PROCAMPO TRADICIONAL",
31,"YUCATAN",180,"TICUL",1,"MUNA",53,"MUNA",290,"MUNA",3329601,"FLOTA SANMIGUEL ALFONSO",1,963,OI05,1,"MAIZ",1,"RIEGO","PROCAMPO TRADICIONAL",
31,"YUCATAN",180,"TICUL",1,"MUNA",53,"MUNA",290,"MUNA",3329603,"EUAN REDONDO HERCULANO",1,963,OI05,1,"MAIZ",1,"RIEGO","PROCAMPO TRADICIONAL",
31,"YUCATAN",180,"TICUL",1,"MUNA",53,"MUNA",290,"MUNA",3329617,"NAVARRETE DOMINGUEZ ANTONIO",1,963,OI05,1,"MAIZ",1,"RIEGO","PROCAMPO TRADICIONAL",
31,"YUCATAN",180,"TICUL",1,"MUNA",53,"MUNA",290,"MUNA",3329618,"PACAB KOYOC BONIFACIO",1,963,OI05,1,"MAIZ",1,"RIEGO","PROCAMPO TRADICIONAL",
31,"YUCATAN",180,"TICUL",1,"MUNA",53,"MUNA",290,"MUNA",3329620,"HERNANDEZ KU JUAN MANUEL",1,963,OI05,1,"MAIZ",1,"RIEGO","PROCAMPO TRADICIONAL",
31,"YUCATAN",180,"TICUL",1,"MUNA",53,"MUNA",290,"MUNA",3329835,"PERERA LARA MARCELINO",1,963,OI05,1,"MAIZ",1,"RIEGO","PROCAMPO TRADICIONAL",
31,"YUCATAN",180,"TICUL",1,"MUNA",53,"MUNA",290,"MUNA",3329837,"TUYUB ACERETO ARTURO",1,963,OI05,1,"MAIZ",1,"RIEGO","PROCAMPO TRADICIONAL",
31,"YUCATAN",180,"TICUL",1,"MUNA",53,"MUNA",290,"MUNA",3329839,"LOPEZ NABTE ELEAZAR",1,963,OI05,1,"MAIZ",1,"RIEGO","PROCAMPO TRADICIONAL",
31,"YUCATAN",180,"TICUL",1,"MUNA",53,"MUNA",290,"MUNA",3329875,"CARRILLO MEX PEDRO ARTURO",1.5,1444.5,OI05,1,"MAIZ",1,"RIEGO","PROCAMPO TRADICIONAL",
31,"YUCATAN",180,"TICUL",1,"MUNA",53,"MUNA",290,"MUNA",3329891,"HUACAL DOMINGUEZ JORGE ALBERTO",.5,481.5,OI05,220,"NARANJA",1,"RIEGO","PROCAMPO TRADICIONAL",
31,"YUCATAN",180,"TICUL",1,"MUNA",53,"MUNA",290,"MUNA",3329993,"MARTIN CHAY SEVERIANO",2.5,2407.5,OI05,1,"MAIZ",1,"RIEGO","PROCAMPO TRADICIONAL",
31,"YUCATAN",180,"TICUL",1,"MUNA",53,"MUNA",290,"MUNA",3345807,"BALAM CHABLE CRESENCIO",1,963,OI05,220,"NARANJA",1,"RIEGO","PROCAMPO TRADICIONAL",
31,"YUCATAN",180,"TICUL",1,"MUNA",53,"MUNA",290,"MUNA",3345817,"MARTIN CANCHE IGNACIO",.5,481.5,OI05,1,"MAIZ",1,"RIEGO","PROCAMPO TRADICIONAL",
31,"YUCATAN",180,"TICUL",1,"MUNA",53,"MUNA",290,"MUNA",1600004153,"DOMINGUEZ COUOH LUIS ABUNDIO",1.5,1444.5,OI05,1,"MAIZ",1,"RIEGO","PROCAMPO TRADICIONAL",
31,"YUCATAN",180,"TICUL",1,"MUNA",53,"MUNA",290,"MUNA",1600004165,"GOMEZ KU ADOLFO",1,963,OI05,1,"MAIZ",1,"RIEGO","PROCAMPO TRADICIONAL",
31,"YUCATAN",180,"TICUL",1,"MUNA",53,"MUNA",290,"MUNA",1600004173,"DZUL MORALES PEDRO",2,1926,OI05,1,"MAIZ",1,"RIEGO","PROCAMPO TRADICIONAL",
31,"YUCATAN",180,"TICUL",1,"MUNA",53,"MUNA",290,"MUNA",1600004177,"CRUZ TUYUB SATURNINO",2,1926,OI05,1,"MAIZ",1,"RIEGO","PROCAMPO TRADICIONAL",
31,"YUCATAN",180,"TICUL",1,"MUNA",53,"MUNA",290,"MUNA",1600004179,"GOMEZ KU ADOLFO",1,963,OI05,220,"NARANJA",1,"RIEGO","PROCAMPO TRADICIONAL",
31,"YUCATAN",180,"TICUL",1,"MUNA",53,"MUNA",290,"MUNA",1600004187,"CRUZ TUYUB IGNACIO",1,963,OI05,1,"MAIZ",1,"RIEGO","PROCAMPO TRADICIONAL",
31,"YUCATAN",180,"TICUL",1,"MUNA",53,"MUNA",290,"MUNA",1600004189,"GOMEZ KU ADOLFO",1,963,OI05,1,"MAIZ",1,"RIEGO","PROCAMPO TRADICIONAL",
31,"YUCATAN",180,"TICUL",1,"MUNA",53,"MUNA",290,"MUNA",1600004193,"DOMINGUEZ NARVAEZ PEDRO CASIMIRO",1,963,OI05,1,"MAIZ",1,"RIEGO","PROCAMPO TRADICIONAL",
31,"YUCATAN",180,"TICUL",1,"MUNA",53,"MUNA",290,"MUNA",1600004195,"DOMINGUEZ SALAZAR RAYMUNDO",1,963,OI05,1,"MAIZ",1,"RIEGO","PROCAMPO TRADICIONAL",
31,"YUCATAN",180,"TICUL",1,"MUNA",53,"MUNA",290,"MUNA",1600004203,"NAVARRETE VARGUEZ IGNACIO",2,1926,OI05,1,"MAIZ",1,"RIEGO","PROCAMPO TRADICIONAL",
31,"YUCATAN",180,"TICUL",1,"MUNA",53,"MUNA",290,"MUNA",1600004205,"CANCHE BAAS BENITO",1,963,OI05,220,"NARANJA",1,"RIEGO","PROCAMPO TRADICIONAL",
31,"YUCATAN",180,"TICUL",1,"MUNA",53,"MUNA",290,"MUNA",1600004232,"MARTIN NAVARRETE VICTOR MANUEL",1,963,OI05,1,"MAIZ",1,"RIEGO","PROCAMPO TRADICIONAL",
31,"YUCATAN",180,"TICUL",1,"MUNA",53,"MUNA",290,"MUNA",1600004251,"HERRERA PACHECO DIEGO",1,963,OI05,1,"MAIZ",1,"RIEGO","PROCAMPO TRADICIONAL",
31,"YUCATAN",180,"TICUL",1,"MUNA",53,"MUNA",290,"MUNA",1600004255,"CANCHE BAAS ROMULO",1,963,OI05,1,"MAIZ",1,"RIEGO","PROCAMPO TRADICIONAL",
31,"YUCATAN",180,"TICUL",1,"MUNA",53,"MUNA",290,"MUNA",1600004306,"CASANOVA BARBOSA MIGUEL ANGEL",1.5,1444.5,OI05,535,"PALMA COCO",1,"RIEGO","PROCAMPO TRADICIONAL",
31,"YUCATAN",180,"TICUL",1,"MUNA",53,"MUNA",290,"MUNA",1600004308,"NARVAEZ CASANOVA JUSTINO",2,1926,OI05,1,"MAIZ",1,"RIEGO","PROCAMPO TRADICIONAL",
31,"YUCATAN",180,"TICUL",1,"MUNA",53,"MUNA",290,"MUNA",1600004316,"MARTIN REDONDO FERNANDO",2.5,2407.5,OI05,1,"MAIZ",1,"RIEGO","PROCAMPO TRADICIONAL",
31,"YUCATAN",180,"TICUL",1,"MUNA",53,"MUNA",290,"MUNA",1600004455,"BALAM SIMA CELEDONIO",1.5,1444.5,OI05,1,"MAIZ",1,"RIEGO","PROCAMPO TRADICIONAL",
31,"YUCATAN",180,"TICUL",1,"MUNA",53,"MUNA",290,"MUNA",1600004457,"DURAN CASANOVA ESTEBAN",2.5,2407.5,OI05,1,"MAIZ",1,"RIEGO","PROCAMPO TRADICIONAL",
31,"YUCATAN",180,"TICUL",1,"MUNA",53,"MUNA",290,"MUNA",1600004463,"DELGADO NAH JOSE GUADALUPE",1,963,OI05,1,"MAIZ",1,"RIEGO","PROCAMPO TRADICIONAL",
31,"YUCATAN",180,"TICUL",1,"MUNA",53,"MUNA",290,"MUNA",1600021656,"PAREDES AC JOSE CLOTILDE",1,963,OI05,220,"NARANJA",1,"RIEGO","PROCAMPO TRADICIONAL",
31,"YUCATAN",180,"TICUL",1,"MUNA",53,"MUNA",290,"MUNA",1600021774,"MARTIN CANCHE GILBERTO",1.5,1444.5,OI05,1,"MAIZ",1,"RIEGO","PROCAMPO TRADICIONAL",
31,"YUCATAN",180,"TICUL",1,"MUNA",53,"MUNA",290,"MUNA",1600028930,"DURAN CASANOVA ESTEBAN",1,963,OI05,1,"MAIZ",1,"RIEGO","PROCAMPO TRADICIONAL",
31,"YUCATAN",180,"TICUL",1,"MUNA",53,"MUNA",290,"MUNA",1600029056,"MARTIN CANCHE ALVAR FERNANDO",1,963,OI05,1,"MAIZ",1,"RIEGO","PROCAMPO TRADICIONAL",
31,"YUCATAN",180,"TICUL",1,"MUNA",53,"MUNA",290,"MUNA",1600029080,"DOMINGUEZ PORRAS PRESCILIANO",.5,481.5,OI05,1,"MAIZ",1,"RIEGO","PROCAMPO TRADICIONAL",
31,"YUCATAN",180,"TICUL",1,"MUNA",53,"MUNA",290,"MUNA",1600077286,"MEX PANTOJA DANIEL",1,963,OI05,1,"MAIZ",1,"RIEGO","PROCAMPO TRADICIONAL",
31,"YUCATAN",180,"TICUL",1,"MUNA",53,"MUNA",290,"MUNA",1600101186,"FARFAN LARA PABLO GILBERTO",2,1926,OI05,1,"MAIZ",1,"RIEGO","PROCAMPO TRADICIONAL",
31,"YUCATAN",180,"TICUL",1,"MUNA",53,"MUNA",290,"MUNA",1600101248,"PECH DZUL ARSENIO",1,963,OI05,1,"MAIZ",1,"RIEGO","PROCAMPO TRADICIONAL",
31,"YUCATAN",180,"TICUL",1,"MUNA",53,"MUNA",290,"MUNA",1600106690,"EK CHAN ANASTACIA",.5,481.5,OI05,1,"MAIZ",1,"RIEGO","PROCAMPO TRADICIONAL",
31,"YUCATAN",180,"TICUL",1,"MUNA",53,"MUNA",290,"MUNA",1600106722,"HUACAL DOMINGUEZ JORGE ALBERTO",.5,481.5,OI05,220,"NARANJA",1,"RIEGO","PROCAMPO TRADICIONAL",
31,"YUCATAN",180,"TICUL",1,"MUNA",53,"MUNA",290,"MUNA",1600106788,"FARFAN TUYUB ISMAEL",1,963,OI05,220,"NARANJA",1,"RIEGO","PROCAMPO TRADICIONAL",
31,"YUCATAN",180,"TICUL",1,"MUNA",53,"MUNA",290,"MUNA",1600118426,"AC OROZCO CARLOS",3,2889,OI05,1,"MAIZ",1,"RIEGO","PROCAMPO TRADICIONAL",
31,"YUCATAN",180,"TICUL",1,"MUNA",53,"MUNA",290,"MUNA",1600118428,"MARTIN PERERA EMILIO",1,963,OI05,1,"MAIZ",1,"RIEGO","PROCAMPO TRADICIONAL",
31,"YUCATAN",180,"TICUL",1,"MUNA",53,"MUNA",290,"MUNA",1601540463,"VERA HERRERA MIGUEL ANGEL",1,963,OI05,1,"MAIZ",1,"RIEGO","PROCAMPO TRADICIONAL",
31,"YUCATAN",180,"TICUL",1,"MUNA",53,"MUNA",290,"MUNA",1601541317,"MARTIN ABA FELICIANA",1,963,OI05,1,"MAIZ",1,"RIEGO","PROCAMPO TRADICIONAL",
31,"YUCATAN",180,"TICUL",1,"MUNA",53,"MUNA",290,"MUNA",1601706161,"CHIM CANUL JULIO CESAR",2,1926,OI05,61,"CHILE",1,"RIEGO","PROCAMPO TRADICIONAL",
31,"YUCATAN",180,"TICUL",1,"MUNA",53,"MUNA",290,"MUNA",1601706351,"VERA HERRERA MIGUEL ANGEL",.5,481.5,OI05,1,"MAIZ",2,"TEMPORAL","PROCAMPO TRADICIONAL",
31,"YUCATAN",180,"TICUL",1,"MUNA",53,"MUNA",290,"MUNA",1601706609,"BALAM IHUIT EDDY ROLANDO",1.5,1444.5,OI05,1,"MAIZ",1,"RIEGO","PROCAMPO TRADICIONAL",
31,"YUCATAN",180,"TICUL",1,"MUNA",53,"MUNA",290,"MUNA",1601706933,"MARTIN ABA FELICIANA",1,963,OI05,1,"MAIZ",1,"RIEGO","PROCAMPO TRADICIONAL",
31,"YUCATAN",180,"TICUL",1,"MUNA",53,"MUNA",290,"MUNA",1601716229,"SOLIS PANTOJA ALBERTO JOSE",2,1926,OI05,1,"MAIZ",1,"RIEGO","PROCAMPO TRADICIONAL",
31,"YUCATAN",180,"TICUL",1,"MUNA",53,"MUNA",290,"MUNA",1601763551,"HERRERA DOMINGUEZ DANIEL",1,963,OI05,1,"MAIZ",1,"RIEGO","PROCAMPO TRADICIONAL",
31,"YUCATAN",180,"TICUL",1,"MUNA",53,"MUNA",290,"MUNA",1601763576,"OROZCO CHAN MARIO",.5,481.5,OI05,220,"NARANJA",1,"RIEGO","PROCAMPO TRADICIONAL",
31,"YUCATAN",180,"TICUL",1,"MUNA",53,"MUNA",290,"MUNA",1601763669,"AGUILAR CASTILLO GUILLERMO",.8,770.4,OI05,1,"MAIZ",2,"TEMPORAL","PROCAMPO TRADICIONAL",
31,"YUCATAN",180,"TICUL",1,"MUNA",53,"MUNA",290,"MUNA",1601763679,"BAAS EUAN MARIO",4,3852,OI05,1,"MAIZ",1,"RIEGO","PROCAMPO TRADICIONAL",
31,"YUCATAN",180,"TICUL",1,"MUNA",53,"MUNA",290,"MUNA",1601763899,"PANTOJA TE ISAIAS",1,963,OI05,1,"MAIZ",1,"RIEGO","PROCAMPO TRADICIONAL",
31,"YUCATAN",180,"TICUL",1,"MUNA",53,"MUNA",290,"MUNA",1601763955,"NARVAEZ NEGRON WILBERT",1,963,OI05,117,"PASTOS PERENES",1,"RIEGO","PROCAMPO TRADICIONAL",
31,"YUCATAN",180,"TICUL",1,"MUNA",53,"MUNA",290,"MUNA",1601764003,"DIAZ SIMA ARSENIO",1,963,OI05,1,"MAIZ",1,"RIEGO","PROCAMPO TRADICIONAL",
31,"YUCATAN",180,"TICUL",1,"MUNA",53,"MUNA",290,"MUNA",1601764229,"MIS CHI ANTONIO",3,2889,OI05,1,"MAIZ",1,"RIEGO","PROCAMPO TRADICIONAL",
31,"YUCATAN",180,"TICUL",1,"MUNA",53,"MUNA",290,"MUNA",1601764343,"DUARTE SOLIS JORGE MANUEL",1.5,1444.5,OI05,220,"NARANJA",1,"RIEGO","PROCAMPO TRADICIONAL",
31,"YUCATAN",180,"TICUL",1,"MUNA",53,"MUNA",290,"MUNA",1601765452,"RODRIGUEZ CHAY GASPAR",1.5,1444.5,OI05,1,"MAIZ",1,"RIEGO","PROCAMPO TRADICIONAL",
31,"YUCATAN",180,"TICUL",1,"MUNA",53,"MUNA",290,"MUNA",1601794553,"TUYUB COLLI LUIS ALBERTO",2,1926,OI05,1,"MAIZ",1,"RIEGO","PROCAMPO TRADICIONAL",
31,"YUCATAN",180,"TICUL",1,"MUNA",53,"MUNA",290,"MUNA",1601821224,"DOMINGUEZ MORALES GERARDO",1,963,OI05,1,"MAIZ",1,"RIEGO","PROCAMPO TRADICIONAL",
31,"YUCATAN",180,"TICUL",1,"MUNA",53,"MUNA",290,"MUNA",1601821232,"NABTE RAMOS SALVADOR",1,963,OI05,1,"MAIZ",1,"RIEGO","PROCAMPO TRADICIONAL",
31,"YUCATAN",180,"TICUL",1,"MUNA",53,"MUNA",290,"MUNA",1601821338,"NAVARRETE DOMINGUEZ JORGE CAMILO",1,963,OI05,1,"MAIZ",2,"TEMPORAL","PROCAMPO TRADICIONAL",
31,"YUCATAN",180,"TICUL",1,"MUNA",53,"MUNA",290,"MUNA",1601821355,"DOMINGUEZ ORTIZ JORGE ALONSO",1.6,1540.8,OI05,1,"MAIZ",1,"RIEGO","PROCAMPO TRADICIONAL",
31,"YUCATAN",180,"TICUL",1,"MUNA",53,"MUNA",290,"MUNA",1601821392,"BALAM NABTE MAURO ALBERTO",1,963,OI05,1,"MAIZ",1,"RIEGO","PROCAMPO TRADICIONAL",
31,"YUCATAN",180,"TICUL",1,"MUNA",53,"MUNA",290,"MUNA",1601821612,"LARA HERRERA FLORA MARIA DE LA LUZ",2.5,2407.5,OI05,1,"MAIZ",1,"RIEGO","PROCAMPO TRADICIONAL",
31,"YUCATAN",180,"TICUL",1,"MUNA",53,"MUNA",290,"MUNA",1601821680,"DOMINGUEZ MOO MARGARITA ISOLINA",1.5,1444.5,OI05,1,"MAIZ",1,"RIEGO","PROCAMPO TRADICIONAL",
31,"YUCATAN",180,"TICUL",1,"MUNA",53,"MUNA",290,"MUNA",1601821739,"CHAN CEN JORGE ALBERTO",.5,481.5,OI05,1,"MAIZ",1,"RIEGO","PROCAMPO TRADICIONAL",
31,"YUCATAN",180,"TICUL",1,"MUNA",53,"MUNA",290,"MUNA",1601821846,"CHI DOMINGUEZ ROSELY MERCEDES",2,1926,OI05,1,"MAIZ",1,"RIEGO","PROCAMPO TRADICIONAL",
31,"YUCATAN",180,"TICUL",1,"MUNA",53,"MUNA",290,"MUNA",1601821966,"XOOL CHAN RIGOBERTO",2,1926,OI05,1,"MAIZ",1,"RIEGO","PROCAMPO TRADICIONAL",
31,"YUCATAN",180,"TICUL",1,"MUNA",53,"MUNA",290,"MUNA",1601902471,"CHAN  JUANA",1.5,1444.5,OI05,1,"MAIZ",1,"RIEGO","PROCAMPO TRADICIONAL",
31,"YUCATAN",180,"TICUL",1,"MUNA",53,"MUNA",290,"MUNA",1601902615,"DZUL PEREZ ABIGAIL",1,963,OI05,220,"NARANJA",1,"RIEGO","PROCAMPO TRADICIONAL",
31,"YUCATAN",180,"TICUL",1,"MUNA",53,"MUNA",290,"MUNA",1601902692,"UC MEDINA CECILIA",3,2889,OI05,1,"MAIZ",1,"RIEGO","PROCAMPO TRADICIONAL",
31,"YUCATAN",180,"TICUL",1,"MUNA",53,"MUNA",290,"MUNA",1601903052,"PANTOJA COUOH JOSUE DE JESUS",1,963,OI05,117,"PASTOS PERENES",1,"RIEGO","PROCAMPO TRADICIONAL",
31,"YUCATAN",180,"TICUL",1,"MUNA",53,"MUNA",290,"MUNA",1601903704,"CHAN MAY JIMMY ESTEBAN",1,963,OI05,1,"MAIZ",1,"RIEGO","PROCAMPO TRADICIONAL",
31,"YUCATAN",180,"TICUL",1,"MUNA",53,"MUNA",290,"MUNA",1601985135,"GOMEZ CANCHE ROSA MARIA",.5,481.5,OI05,220,"NARANJA",1,"RIEGO","PROCAMPO TRADICIONAL",
31,"YUCATAN",180,"TICUL",1,"MUNA",53,"MUNA",290,"MUNA",1601991546,"PERERA  FLORENTINA",2,1926,OI05,1,"MAIZ",2,"TEMPORAL","PROCAMPO TRADICIONAL",
31,"YUCATAN",180,"TICUL",1,"MUNA",53,"MUNA",290,"MUNA",1601991549,"TOLOSA HUACAL PEDRO DAMIAN",1,963,OI05,220,"NARANJA",1,"RIEGO","PROCAMPO TRADICIONAL",
31,"YUCATAN",180,"TICUL",1,"MUNA",53,"MUNA",290,"MUNA",1601991550,"CALAM EUAN ANTONIO",1,963,OI05,220,"NARANJA",1,"RIEGO","PROCAMPO TRADICIONAL",
31,"YUCATAN",180,"TICUL",1,"MUNA",53,"MUNA",290,"MUNA",1601998025,"CEH TUN HUMBERTO",1.5,1444.5,OI05,1,"MAIZ",1,"RIEGO","PROCAMPO TRADICIONAL",
31,"YUCATAN",180,"TICUL",1,"MUNA",53,"MUNA",290,"MUNA",1602038035,"MIS NABTE CESAR GUADALUPE",1.8,1733.4,OI05,1,"MAIZ",1,"RIEGO","PROCAMPO TRADICIONAL",
31,"YUCATAN",180,"TICUL",1,"MUNA",53,"MUNA",290,"MUNA",1602038051,"RIVERA LEYVA REFUGIO RAMON",1,963,OI05,220,"NARANJA",1,"RIEGO","PROCAMPO TRADICIONAL",
31,"YUCATAN",180,"TICUL",1,"MUNA",53,"MUNA",290,"MUNA",1602038113,"ESTEVEZ SECUNDINO JOEL",1,963,OI05,1,"MAIZ",1,"RIEGO","PROCAMPO TRADICIONAL",
31,"YUCATAN",180,"TICUL",1,"MUNA",53,"MUNA",290,"MUNA",1602040845,"TUN TUUT FIDELINA",1,963,OI05,1,"MAIZ",1,"RIEGO","PROCAMPO TRADICIONAL",
31,"YUCATAN",180,"TICUL",1,"MUNA",53,"MUNA",290,"MUNA",1602059395,"FARFAN DOMINGUEZ ELSY MARIA",1,963,OI05,1,"MAIZ",1,"RIEGO","PROCAMPO TRADICIONAL",
